study_id,Accrued,Active Enrolling Date,Closed to Enrollment Date,Disease Site(S),national_sample,local_sample
79175390,,,,unknown,,0
76997811,1,,,neurology,0,8
20701043,,,,unknown,,0
97136858,7,,,oncology,0,0
98400541,0,,,oncology,0,24
27547914,,,,oncology,0,18
23533090,,,,oncology,0,0
12064465,6,,,oncology,0,0
57427734,,,,other,0,5
96666384,3,,,other,0,0
50782056,,,,unknown,,0
28959901,16,,,other,24,24
18329472,,,,oncology,0,5
80212207,,,,oncology,0,6
61549862,,,,other,0,10
51466174,,,,oncology,0,12
67266574,,,,other,0,6
44904467,3,,,oncology,0,18
57420623,50,,,other,0,50
32978136,65,,,other,0,0
32640359,,,,oncology,0,8
37473956,,,,oncology,0,6
61092774,,,,oncology,0,4
95913563,1,,,other,0,4
21676738,18,,,other,0,0
52449285,115,,,other,0,0
54977748,3,,,other,0,3
77210398,1,,,other,0,5
31630805,,,,other,0,4
53658731,4,,,other,0,0
36387080,0,,,other,0,6
67470740,0,,,other,0,3
42861833,0,,,other,0,13
40108556,20,,,oncology,25,0
26356262,,,,other,0,10
11045369,0,,,other,0,8
28927281,2,,,oncology,20,15
88149468,,,,other,0,0
78661107,3,,,other,0,6
69870586,,,,other,0,0
27363680,,,,other,0,10
77578608,20,,,other,10,26
78407061,1,,,other,0,0
17121785,2,,,other,8,4
32907411,5,,,oncology,10,3
46376235,3,,,other,0,0
71125812,,,,other,0,0
99190096,6,,,other,0,0
24035585,71,,,oncology,81,72
35407133,1,,,oncology,0,20
19246456,0,,,oncology,0,30
22569434,13,,,oncology,30,0
17515388,2,,,other,0,10
94053352,,,,other,0,0
71732883,,,,other,0,4
28427876,1,,,oncology,0,85
25625545,1,,,other,0,1
32646649,,,,other,0,2
19440617,1,,,oncology,0,10
51061960,13,,,oncology,0,20
48539090,,,,other,0,6
70075041,8,,,other,0,16
11249067,,,,oncology,0,3
18580744,,,,other,0,4
29606332,34,,,other,24,0
23651082,,,,other,0,75
92726837,,,,other,0,0
21627438,15,,,other,0,0
88908334,4,,,other,100,25
58746436,,,,other,0,10
36218223,22,,,other,0,0
73368248,4,,,other,0,0
76909617,,,,oncology,0,20
27878401,,,,other,0,0
23995950,,,,oncology,0,10
49398419,1,,,oncology,0,0
71951933,2,,,other,0,10
26558858,1,,,oncology,0,0
80070994,3,,,other,0,4
59548016,9,,,other,30,0
65840095,2,,,other,0,0
42525965,,,,other,0,0
60793418,,,,oncology,0,0
96544787,2,,,other,0,16
12755847,4,,,oncology,0,0
83854894,36,,,other,0,35
98880822,18,,,oncology,0,0
75132014,2,,,other,0,0
69468523,33,,,other,25,47
11157726,3,,,other,30,0
29003891,4,,,oncology,0,15
46974028,2,,,other,0,0
48260706,17,,,diabetes,0,20
30901342,1,,,other,0,120
75214239,16,,,oncology,0,0
24907248,73,,,other,0,500
59852642,5,,,other,0,110
54405169,1,,,other,0,3
82372337,,,,oncology,0,16
57583499,1,,,oncology,0,3
11445084,2,,,other,0,100
63122386,13,,,other,0,12
10029909,14,,,other,0,150
57564750,,,,unknown,,0
96512570,1,,,oncology,0,10
94678606,0,,,oncology,0,8
96765608,8,,,oncology,0,20
49381050,,,,unknown,,28
56535317,,,,oncology,0,8
15486292,,,,oncology,0,1
49210547,13,,,other,0,15
30001187,1,,,other,0,10
58363158,235,,,other,0,0
50692892,6,,,other,0,0
86304419,6,,,other,0,6
99755053,5,,,other,0,0
19575962,0,,,other,0,0
43376183,,,,unknown,,10
87080942,,,,unknown,,0
76752825,1,,,oncology,0,4
64026273,13,,,oncology,0,0
69186827,,,,other,0,8
66258590,70,,,other,0,0
60328072,,,,other,0,4
30155161,60,,,other,100,0
88007577,12,,,other,0,0
42657972,1,,,other,0,10
67306002,34,,,other,0,0
24322278,16,,,oncology,30,0
11694189,,,,oncology,0,16
94356439,1,,,other,0,0
40462643,1,,,other,0,50
21690684,0,,,other,0,4
79612412,,,,other,0,4
78415955,5,,,other,0,103
25325986,0,,,other,0,8
13628262,100,,,oncology,0,0
54675431,4,,,oncology,0,15
55967426,,,,unknown,,0
51732629,,,,other,250,250
71016247,,,,unknown,,0
52826905,,,,other,0,10
27289801,107,,,other,0,100
37056567,10,,,other,0,0
93925137,,,,oncology,0,12
51281972,555,,,other,700,0
96563794,,,,other,0,3
82214435,,,,unknown,,8
77674063,39,,,other,0,0
75628428,,,,unknown,,10
71838171,0,,,oncology,0,4
13909751,,,,unknown,,15
33613383,,,,oncology,0,0
87182976,,,,oncology,0,16
94440447,,,,other,0,400
65284919,,,,other,0,34
98576161,1,,,other,0,5
92144714,4,,,oncology,7,7
39627280,3,,,other,0,15
28507733,,,,unknown,,0
80562563,2,,,oncology,0,15
74878739,,,,other,0,4
51384241,1,,,other,0,4
61239612,,,,other,0,4
47616394,,,,other,0,3
81116815,,,,unknown,,5
82232030,0,,,other,0,10
77989358,5,,,oncology,0,12
23013774,172,,,other,0,1000
27009271,,,,other,0,0
42681640,1,,,other,0,10
44971029,,,,other,0,4
84813624,,,,other,0,5
14599536,248,,,oncology,0,500
59933642,1,,,other,0,0
57115959,,,,other,0,5
97821845,16,,,other,0,15
74452964,2,,,other,0,0
82813138,1,,,oncology,50,1
27929081,,,,other,0,5
75763029,,,,other,0,50
33450741,5,,,other,0,5
28811583,6,,,other,180,0
73132551,10,,,other,0,10
65374146,0,,,other,0,16
32788261,3,,,oncology,0,12
48045974,,,,unknown,,17
58024961,,,,unknown,,0
23462380,1,,,diabetes,100,0
55922230,1,,,other,0,15
42198919,12,,,other,0,200
77179291,5,,,other,0,15
21677787,,,,oncology,0,10
91987806,,,,unknown,,10
18968056,,,,other,0,0
49857929,80,,,other,0,215
22826186,2,,,other,0,60
81692313,,,,other,0,1
59765072,,,,other,0,0
27293345,2,,,oncology,0,0
47542107,2,,,other,0,10
75973166,25,,,other,0,0
15877308,,,,oncology,30,30
91204049,46,,,other,0,100
69102415,,,,other,0,500
98509953,4,,,other,0,0
87721125,2,,,other,0,0
41824852,,,,other,0,30
42902918,,,,other,0,0
80774269,,,,other,0,0
91033459,1,,,other,0,1
50892843,1,,,other,0,1
30386362,2,,,oncology,0,10
66783156,5,,,oncology,0,18
78590248,,,,other,0,15
16703751,,,,other,0,0
17154709,20,,,oncology,0,0
92695929,14,,,other,0,14
21732929,,,,unknown,,0
31713061,,,,oncology,0,0
30737072,,,,other,0,0
15681144,,,,other,0,50
72601092,1,,,oncology,0,1
82342189,,,,other,0,1
85577899,,,,oncology,0,1
69830954,1,,,oncology,0,1
57151887,,,,other,0,1
19711867,1,,,oncology,0,1
40574906,,,,unknown,,10
79568428,,,,unknown,,30
66821797,,,,unknown,,10
59645950,,,,unknown,,2
70357451,10,,,other,0,10
86651300,167,,,other,0,1000
49640313,,,,other,0,0
58443660,1,,,oncology,0,6
12608927,3,,,other,0,25
35070457,2,,,oncology,10,5
87624000,,,,other,0,20
54906784,124,,,other,250,0
43884366,,,,unknown,,0
20252328,0,,,other,0,10
64455466,,,,other,0,0
20162120,,,,other,0,10
12052055,,,,other,0,10
97264962,5,,,other,0,0
22261094,0,,,oncology,0,6
83623880,,,,unknown,,12
68533907,,,,unknown,,5
72985970,,,,other,0,50
37350069,,,,other,0,40
62128802,11,,,oncology,30,20
45797037,,,,oncology,0,16
87228750,13,,,oncology,11,0
24880618,,,,other,0,0
11167943,,,,other,0,75
61203898,,,,other,0,3
62653177,2,,,other,0,0
71529038,42,,,other,0,0
55598978,,,,unknown,,1
88326175,1,,,other,0,97
51922480,24,,,other,0,75
60113293,,,,other,0,0
40551210,,,,other,0,0
39986897,29,,,other,0,500
31270804,1,,,oncology,0,48
43616090,7,,,other,0,10
88633270,437,,,other,0,0
77428894,6,,,other,0,1165
28801106,0,,,other,0,0
17119315,1,,,other,0,0
82907291,1,,,other,0,1
46355146,,,,other,0,4
98656919,4,,,oncology,5,0
60427831,3,,,oncology,0,10
84321081,15,,,other,0,0
84983917,7,,,oncology,10,0
16917872,,,,oncology,0,10
46735754,1,,,other,8,0
73089224,2,,,oncology,10,10
62881991,3,,,oncology,6,10
84844622,3,,,oncology,5,0
30457584,,,,unknown,,15
25822810,,,,other,0,0
15089794,,,,other,220,0
96722674,,,,unknown,,0
50086496,,,,other,10,0
83321072,,,,other,15,0
47931506,,,,other,0,160
29213021,,,,other,15,0
34286942,0,,,other,0,5
56562640,,,,other,0,0
20932828,1,,,other,0,8
37561578,,,,other,0,300
18312818,28,,,other,0,200
50439870,,,,oncology,0,5
13036763,,,,other,0,1
18894697,,,,other,0,1
69751277,25,,,other,0,20
62492911,1,,,other,0,8
15837542,31,,,other,0,67
13077292,,,,other,0,10
79676357,,,,other,0,0
18614345,6,,,other,0,10
92005315,53,,,other,0,0
74089220,29,,,other,0,0
89358842,5,,,oncology,30,0
25985066,7,,,other,150,150
86869080,6,,,other,0,0
33006732,9,,,other,0,6
89941153,4,,,other,0,25
81110166,9,,,other,0,0
20432766,,,,other,0,40
18230197,,,,respiratory,0,6
50258245,116,,,other,240,0
46277366,,,,oncology,0,0
89532732,3,,,other,0,10
31879896,,,,other,0,5
21031563,7,,,oncology,0,20
65465273,,,,other,0,30
40342299,1,,,other,0,0
50422724,9,,,oncology,30,0
44457890,,,,unknown,,12
55804652,30,,,other,0,0
67072281,1,,,other,0,10
38213281,0,,,other,0,0
76547136,0,,,oncology,0,0
38234665,5,,,oncology,0,4
45727439,,,,unknown,,12
56297621,33,,,other,0,140
72048082,,,,unknown,,10
46605884,4,,,oncology,0,10
27167098,,,,other,0,10
23628475,6,,,other,0,25
13198874,1,,,other,0,500
17806715,,,,other,0,100
14245641,,,,unknown,,40
38027007,,,,unknown,,5
56487040,1,,,oncology,0,3
13731170,,,,other,0,0
64963682,,,,other,0,0
74236520,2,,,other,240,0
68913628,0,,,oncology,0,5
73933731,,,,other,0,0
16074189,1,,,other,0,6
18221832,,,,other,0,10
54131572,11,,,other,0,30
88711850,,,,other,0,0
69256035,,,,other,0,0
65232340,,,,unknown,,10
35463559,,,,other,476,0
56967440,4,,,other,15,0
39937145,2,,,other,0,0
18071301,,,,unknown,,0
84778823,,,,unknown,,10
61537996,,,,unknown,,10
40953074,0,,,other,0,0
79727355,4,,,other,0,10
29712274,,,,unknown,,10
21364256,,,,unknown,,10
97941336,2,,,oncology,0,0
34695745,,,,other,0,40
15652366,0,,,other,0,0
90384302,11,,,other,0,25
43680996,74,,,other,0,0
61450577,,,,other,0,20
56625764,1,,,other,0,3
92687549,2,,,other,0,40
93544592,6,,,other,150,0
44646858,5,,,oncology,5,0
83789954,6,,,oncology,0,10
51811617,4,,,other,0,0
55804018,11,,,other,0,0
36266523,2,,,other,4,0
93126188,,,,unknown,,10
22544159,,,,unknown,,10
48356829,,,,unknown,,10
66543199,,,,unknown,,0
38951494,1,,,other,0,3
73002007,1,,,oncology,0,6
16893587,4,,,other,0,10
17902174,7,,,other,0,30
80464382,,,,other,0,25
98645966,3,,,other,0,0
72590690,20,,,oncology,0,0
70860683,,,,unknown,,10
13868929,,,,unknown,,4
11095568,0,,,other,0,5
74481111,,,,unknown,,2
76936170,1,,,other,0,2
32743372,,,,unknown,,12
69760489,0,,,oncology,0,0
97992939,,,,other,0,0
31924648,12,,,other,120,40
77212705,4,,,other,0,10
89771755,,,,other,0,8
81497874,,,,other,0,8
16982049,65,,,other,100,115
79888690,5,,,other,0,0
64225483,5,,,other,30,0
87393210,2,,,other,0,5
83780706,,,,other,0,0
65708577,,,,other,8,0
65241635,1,,,other,2,0
31656223,,,,other,0,20
90885818,14,,,other,0,0
72360880,2,,,other,0,0
22537324,,,,other,0,0
84478237,,,,other,0,15
27312470,1,,,other,20,0
83945854,26,,,other,0,50
24940977,,,,other,0,15
73326289,,,,unknown,,0
97495699,2,,,other,0,10
54613900,,,,other,0,0
66101894,,,,other,0,0
17219833,30,,,other,56,0
18065186,1,,,other,0,10
72786278,,,,other,0,0
22203485,,,,other,0,1
89587170,,,,unknown,,2
13377820,,,,other,20,20
74580748,,,,other,0,0
11142564,26,,,other,0,100
87883467,,,,unknown,,10
58016882,2,,,other,0,10
66448071,1,,,oncology,0,4
11496178,3,,,oncology,0,0
67527520,,,,other,0,40
40332055,,,,other,0,600
61990158,2,,,oncology,5,0
80545857,,,,oncology,0,5
13938999,,,,other,0,100
48975327,,,,other,0,0
86758626,,,,other,0,90
82718137,,,,other,0,10
82012858,,,,oncology,0,1
98633720,30,,,other,0,50
13250176,17,,,other,0,0
51300255,7,,,oncology,0,10
60154883,,,,oncology,0,0
82181616,,,,unknown,,10
48958500,6,,,other,0,10
22471598,1,,,other,0,0
42754544,10,,,other,15,0
82272733,10,,,other,15,0
69191503,,,,other,0,10
76038417,20,,,other,100,0
64540674,,,,other,0,5
56910049,,,,other,30,0
73855721,,,,other,0,50
43066447,,,,other,0,5
20366442,1,,,other,0,0
88647673,,,,other,0,6
74135208,2,,,oncology,0,0
76097120,9,,,oncology,0,34
51117812,,,,unknown,,10
64749981,,,,other,500,0
70999652,,,,unknown,,0
46301655,1,,,oncology,5,0
10421382,2,,,other,0,10
42897062,0,,,oncology,0,16
66547377,,,,oncology,0,30
10323742,0,,,other,0,6
29062564,1,,,other,0,0
57911123,27,,,other,0,56
11460458,,,,unknown,,10
94160961,4,,,oncology,0,0
93357753,1,,,oncology,0,7
34018585,10,,,other,0,0
28629290,,,,other,0,80
51663597,,,,other,0,0
67171304,,,,oncology,0,20
88969759,0,,,other,0,0
20728628,,,,other,0,5
50947448,,,,other,0,230
99845884,1,,,other,0,179
47580819,29,,,other,0,30
23907882,,,,other,0,25
18394263,71,,,other,0,80
61527231,0,,,other,0,0
41443856,,,,other,0,0
90868380,,,,other,0,0
19079451,2,,,other,10,20
33891637,0,,,other,0,0
81085054,10,,,other,15,0
20383029,,,,oncology,0,0
30942523,0,,,oncology,0,0
33075192,8,,,other,0,0
16590203,1,,,oncology,0,10
47743478,1,,,oncology,5,0
48083349,1,,,other,0,0
94860388,,,,oncology,0,0
21659220,,,,unknown,,5
84533272,5,,,oncology,10,10
40681482,59,,,oncology,30,0
67993644,6,,,oncology,20,5
45900043,9,,,oncology,15,0
34849855,2,,,oncology,0,0
72231197,,,,other,0,60
98191687,23,,,other,20,20
11593245,9,,,other,0,20
56295147,,,,unknown,,5
40792855,,,,other,0,5
21970380,,,,unknown,,200
41494543,,,,oncology,0,3
41833374,3,,,oncology,0,0
19565042,,,,other,0,10
29100359,2,,,oncology,0,5
36144508,4,,,neurology,0,10
24666900,,,,other,0,0
17616161,14,,,other,0,0
35266774,66,,,other,256,0
39341552,3,,,other,0,10
23496499,4,,,other,0,20
72384799,2,,,other,50,2
90268719,,,,other,0,100
86344114,24,,,other,10,0
56017472,14,,,other,10,40
81027983,1,,,other,0,5
16990885,0,,,other,0,6
42304449,,,,other,0,20
92104521,6,,,other,0,20
34938632,,,,unknown,,0
12988949,1,,,cardiology,0,40
65545318,,,,other,0,0
98865840,43,,,other,0,0
13841309,,,,other,0,1
74268395,,,,unknown,,0
37350632,,,,oncology,0,6
50389173,88,,,other,320,0
83010119,,,,unknown,,0
39611188,39,,,oncology,0,0
93426320,1,,,other,0,0
56993003,,,,other,0,30
89156402,,,,other,0,0
14714843,,,,other,0,60
99935162,203,,,other,0,240
35957172,0,,,oncology,0,3
11457864,0,,,oncology,0,0
99853117,,,,oncology,0,0
74677751,,,,unknown,,2
58162681,,,,unknown,,2
86017521,,,,other,0,0
98003348,3,,,other,0,20
93438338,35,,,other,100,0
40305123,25,,,oncology,30,0
96321277,,,,unknown,,0
89318128,4,,,other,0,0
90033765,,,,other,0,10
87417227,,,,other,460,0
46951072,2,,,oncology,0,12
53586298,,,,other,0,7
80278296,11,,,other,0,0
24551070,,,,unknown,,3
37799624,,,,other,0,20
48104629,3,,,other,0,75
16502317,,,,other,0,20
94006328,,,,other,0,20
95561514,12,,,oncology,0,60
58900756,53,,,other,120,0
76500919,0,,,other,0,0
75308962,,,,unknown,,0
38608764,,,,unknown,,0
66970488,149,,,other,0,300
42156556,5,,,other,300,0
97620516,,,,other,0,30
52422304,4,,,oncology,0,20
10987303,10,,,other,0,30
27511493,,,,other,0,20
84905589,2,,,other,0,10
89704809,,,,oncology,0,8
78983605,61,,,other,0,0
65243284,7,,,other,0,10
77177470,24,,,other,256,0
91276638,,,,other,0,0
72820645,7,,,other,0,10
31189517,7,,,other,0,10
51188292,8,,,other,0,10
22653398,2,,,oncology,0,8
39627422,1,,,other,0,10
90934202,16,,,oncology,0,25
25575802,13,,,other,50,0
58221762,3,,,other,0,0
38060533,6,,,other,100,0
96463410,,,,other,0,20
25038206,8,,,oncology,0,40
92979100,,,,unknown,,0
19029781,,,,unknown,,0
81036973,,,,other,0,2
92828423,3,,,other,0,0
15517428,8,,,other,0,10
19484740,,,,other,0,3
26038829,12,,,other,0,20
89892799,10,,,other,0,100
81045052,,,,other,0,0
65110591,29,,,other,240,0
35153002,,,,other,0,150
81678583,,,,other,0,20
25891728,2,,,other,0,0
54109567,,,,other,0,10
27877235,,,,unknown,,10
11485109,,,,unknown,,10
84223732,3,,,other,0,5
53233121,7,,,other,0,10
86701455,0,,,other,0,0
43515406,,,,unknown,,12
66265814,3,,,oncology,0,0
68273275,1,,,oncology,20,5
86467835,8,,,oncology,0,15
77669283,0,,,oncology,10,0
44959599,2,,,other,0,2
96168928,2,,,other,0,0
64751878,1,,,other,0,10
76220952,3,,,other,0,6
29665904,,,,other,0,5
54933635,0,,,other,0,4
79572058,3,,,other,0,12
81951392,0,,,other,0,10
91786326,23,,,other,0,150
73147653,4,,,other,0,20
91447368,10,,,oncology,20,0
69722194,981,,,other,40,0
14278741,9,,,oncology,24,0
23298154,9,,,oncology,10,0
32366741,21,,,oncology,20,40
10387700,3,,,oncology,10,0
87630155,11,,,oncology,20,0
57647448,1,,,oncology,10,0
20496724,21,,,oncology,100,0
67895548,2,,,oncology,8,0
19439887,7,,,oncology,15,15
94105432,9,,,other,0,25
84377148,,,,unknown,,0
62704934,0,,,oncology,0,6
40635440,,,,other,0,25
51472109,,,,other,0,60
26594926,,,,other,0,44
69120193,,,,oncology,0,1
57360668,,,,oncology,1,0
25160687,,,,oncology,0,1
59197314,4,,,other,0,10
49045681,840,,,other,560,0
76620287,,,,other,0,5000
25798036,7,,,oncology,0,0
31361441,,,,oncology,0,10
31697392,,,,other,0,5
66848485,17,,,other,0,18
76705173,,,,other,0,80
20701433,27,,,other,40,0
57762436,73,,,other,64,90
23808630,,,,oncology,0,10
94423930,3,,,other,0,10
59451306,28,,,other,0,0
25486246,118,,,other,0,0
81839230,12,,,other,0,13
36748856,,,,unknown,,10
24735230,1,,,other,0,4
97027473,,,,oncology,0,0
15099620,,,,other,0,3
51667248,,,,other,0,10
11435632,,,,unknown,,12
69496109,2,,,other,0,20
78627542,1,,,oncology,8,0
28060726,6,,,other,0,10
59827526,,,,other,0,60
60159606,1,,,other,0,0
27500232,,,,other,0,5
24399449,,,,other,0,2
90866662,,,,other,0,0
95233382,48,,,other,0,50
39798161,34,,,other,0,34
91210710,102,,,other,0,0
82970339,3,,,oncology,0,12
61154340,,,,other,0,0
54285617,0,,,other,0,0
64963232,32,,,other,40,200
52666605,139,,,other,150,150
17491222,7,,,oncology,103,0
78734415,,,,other,0,0
18891518,,,,other,0,0
43993863,,,,other,0,0
83324295,,,,oncology,0,0
21792995,,,,oncology,0,5
51530010,,,,oncology,0,7
83149403,1,,,oncology,1,1
53676627,,,,other,0,5
66848578,2,,,other,0,10
14684836,0,,,diabetes,0,0
59896777,0,,,other,0,0
65635843,0,,,oncology,0,10
19269737,2,,,other,0,4
20545321,,,,unknown,,10
83280844,4,,,other,0,25
76489488,,,,other,0,0
93727917,0,,,other,0,10
27954139,4,,,other,0,10
73393872,,,,other,0,10
84058218,2,,,oncology,5,0
32825637,2,,,oncology,20,0
72838777,5,,,other,0,0
19056432,,,,oncology,0,7
69156304,,,,unknown,,5
26962102,,,,oncology,0,5
23412305,,,,unknown,,10
55189617,,,,other,0,0
22921670,,,,other,0,0
84395080,,,,other,0,0
46399589,5,,,other,100,0
67912672,,,,oncology,40,0
92432653,1,,,other,0,6
57626195,0,,,other,0,4
31041832,2,,,oncology,0,12
23202648,,,,oncology,0,16
48251081,82,,,other,635,0
20718070,,,,other,0,0
27632212,,,,other,0,0
81555223,12,,,oncology,0,0
92300287,1,,,oncology,0,0
68698832,5,,,other,0,0
76237904,,,,other,0,198
49080958,2,,,oncology,0,50
74184420,120,,,other,0,0
77418741,6,,,other,0,0
37665597,0,,,oncology,0,54
83603688,19,,,other,0,0
51204150,,,,other,0,0
35448454,,,,other,0,3
15607396,0,,,other,0,3
72156785,,,,other,0,3
41741030,4,,,other,0,10
58213875,1,,,other,0,0
92579332,2,,,other,0,20
65193607,3,,,other,0,3
42191197,3,,,other,0,10
15919844,2,,,other,0,10
69320665,,,,unknown,,0
96648885,,,,unknown,,0
41879167,,,,other,0,2000
59376567,,,,other,0,0
60090712,,,,other,0,20
77466297,,,,oncology,0,280
44222412,8,,,other,0,100
40625455,2,,,other,0,0
43518092,,,,other,0,100
35593679,,,,unknown,,10
12378766,4,,,other,0,0
96521389,4,,,other,0,20
13077341,,,,other,0,1
95849242,,,,other,0,20
41815461,,,,other,0,1
55935122,2,,,other,0,0
20892496,4,,,other,0,6
84282610,,,,other,0,3
34516356,2,,,other,0,0
67224069,90,,,other,400,400
35925266,,,,other,0,1000
65496295,,,,other,0,1000
20376040,,,,other,0,250
82395912,164,,,oncology,0,0
93966259,,,,oncology,0,12
35214867,2,,,oncology,0,0
68342389,3,,,oncology,0,0
85187085,0,,,oncology,0,24
28339343,5,,,oncology,0,0
79118729,5,,,oncology,35,0
25165950,5,,,oncology,5,0
51683992,48,,,oncology,0,0
32210517,,,,unknown,,0
35283833,,,,other,0,0
57466891,,,,other,0,100
73330521,,,,other,0,20
90334792,11,,,other,0,50
42465449,0,,,other,0,6
67160034,0,,,other,0,5
36106671,,,,other,0,10
34812213,2,,,other,0,0
19460539,68,,,other,0,100
41157648,,,,other,0,0
13962927,460,,,other,0,0
92418893,1,,,other,0,0
61501110,9,,,other,0,0
44873890,20,,,other,0,12
35606153,0,,,other,0,10
82628446,2,,,other,0,10
57365382,0,,,other,0,0
34017104,,,,other,0,1
49321287,,,,other,0,0
10060009,,,,diabetes,300,129
15843340,3,,,other,100,0
64380951,5,,,other,60,0
56723987,0,,,diabetes,0,0
29335642,18,,,diabetes,200,600
11268392,4,,,other,0,0
92327975,15,,,other,0,0
49811417,6,,,other,0,0
51420934,,,,unknown,,0
23481439,6,,,other,0,15
26850454,3,,,other,0,0
80646683,,,,other,0,7
13045483,1,,,other,0,1
56242706,0,,,oncology,0,7
25007915,3,,,other,0,7
67695498,16,,,other,0,0
30357970,,,,oncology,0,4
63579733,8,,,oncology,12,20
30770819,,,,other,0,110
76151092,0,,,other,0,18
76882903,13,,,other,0,30
65079486,3,,,oncology,0,50
51964754,6,,,oncology,0,10
95350356,68,,,oncology,0,0
33057123,0,,,other,0,6
55711006,4,,,other,0,4
29169269,0,,,oncology,0,0
25267224,5,,,oncology,0,8
70528459,1,,,oncology,0,8
65720410,,,,other,0,10
73164767,7,,,other,0,15
17960545,2,,,other,0,0
77965506,18,,,oncology,0,0
49194402,6,,,oncology,6,6
66374943,,,,other,0,4
99537965,,,,other,0,5
85516313,,,,oncology,11,11
19423552,5,,,oncology,10,5
68953111,3,,,oncology,0,3
54469554,,,,other,0,0
82895367,8,,,oncology,20,20
77679375,1,,,oncology,0,6
86567193,,,,other,0,5000
72159043,53,,,other,0,0
95341967,,,,other,0,3
42050342,2,,,other,0,3
82605183,8,,,other,0,0
53926100,5,,,other,0,2
29299690,53,,,other,0,0
67445549,13,,,other,0,30
94006591,1,,,other,0,20
98382566,15,,,other,0,0
44971879,36,,,oncology,0,0
11162762,12,,,other,0,300
24609646,,,,other,0,500
30016251,1,,,other,0,0
50172523,9,,,other,0,100
63189614,35,,,other,0,100
71450679,95,,,oncology,152,0
87157617,1,,,other,0,20
19287265,,,,oncology,0,60
42803791,6,,,mental_health,0,0
50417996,24,,,other,0,0
27576819,,,,other,0,60
82866748,3,,,other,10,10
41572302,4,,,other,0,0
79984024,2,,,other,0,0
26236897,7,,,other,3,7
23539642,18,,,oncology,0,0
73994139,39,,,other,0,75
91731124,1,,,oncology,0,0
13083522,5,,,oncology,0,0
71350187,5,,,oncology,0,60
15550682,,,,oncology,0,44
78239576,,,,other,0,0
96662088,5,,,other,0,12
16028730,10,,,other,0,20
43389633,1,,,other,0,19
18404682,3,,,other,0,0
10056972,,,,other,0,0
57406558,7,,,other,0,0
74594000,2,,,oncology,0,0
65809375,1,,,oncology,0,0
46470974,1,,,oncology,0,0
74539432,,,,other,75,0
30065209,24,,,other,30,0
12214519,9,,,other,100,0
24710096,,,,other,0,20
94324547,8,,,other,0,40
86429813,,,,other,0,30
86158282,,,,other,0,10
66723771,,,,unknown,,4
78963246,1,,,other,0,5
78391335,8,,,other,0,10
74721523,3,,,other,0,20
14016175,,,,unknown,,7
83623719,,,,unknown,,25
57215376,1,,,other,0,10
17717186,,,,other,0,6
73359540,,,,other,40,40
87157410,1,,,other,0,10
52415987,59,,,diabetes,0,0
93655074,2,,,diabetes,0,0
31747249,5,,,other,0,0
88165984,4,,,other,0,0
81223418,,,,unknown,,0
76918195,,,,other,0,5
94724030,,,,unknown,,0
36837145,0,,,other,0,0
37514037,24,,,other,0,24
61842557,86,,,other,0,110
69782536,46,,,other,0,600
39313515,2,,,other,2,0
42462348,,,,other,0,10
38814460,7,,,other,0,0
71342248,1,,,other,0,6
90639882,,,,other,0,100
38237568,0,,,other,0,0
11327165,0,,,other,0,0
72208383,,,,oncology,15,0
18501632,,,,oncology,0,0
44851273,3,,,oncology,10,12
85296147,5,,,oncology,0,0
60924399,2,,,oncology,2,4
84995205,,,,oncology,0,4
14377064,4,,,oncology,16,0
59301599,,,,unknown,,0
98508466,,,,unknown,,0
11076266,6,,,oncology,0,0
53535582,6,,,oncology,0,0
42993798,1,,,oncology,0,0
55191712,2,,,oncology,0,0
93604970,1,,,oncology,0,0
84372785,,,,oncology,0,0
44952456,9,,,oncology,0,0
45473755,,,,unknown,,5
18148306,1,,,oncology,0,0
89608383,,,,oncology,0,0
67190853,,,,oncology,10,10
82157381,,,,unknown,,0
18325268,,,,unknown,,0
81485730,,,,unknown,,0
32796886,,,,oncology,0,0
18574822,,,,oncology,0,0
49204420,1,,,oncology,0,0
16691415,,,,oncology,0,0
44974130,1,,,oncology,5,0
39576245,2,,,oncology,0,0
71797912,2,,,oncology,0,0
92225582,8,,,oncology,10,0
69471243,2,,,oncology,0,0
51781734,,,,oncology,5,0
17523069,2,,,oncology,0,0
48153342,2,,,oncology,0,0
36170708,,,,oncology,0,0
10342437,1,,,oncology,4,0
42636332,,,,oncology,0,0
21523412,,,,oncology,0,0
25147448,,,,oncology,0,0
27544883,1,,,oncology,0,0
57585941,,,,oncology,15,0
80474393,,,,oncology,0,0
66048282,,,,oncology,0,0
39678238,,,,oncology,15,0
72429855,,,,oncology,0,0
66531617,,,,oncology,0,0
95842594,,,,oncology,0,0
20861219,,,,oncology,0,0
65983052,,,,oncology,0,0
81350946,1,,,oncology,15,0
22410281,,,,oncology,0,0
67015779,,,,oncology,0,0
99655412,,,,unknown,,0
49070160,2,,,oncology,14,3
58812381,2,,,oncology,0,0
89910294,,,,oncology,0,0
41746506,,,,oncology,5,0
75991991,,,,oncology,10000,0
60730619,,,,oncology,0,6
39219048,1,,,oncology,0,1
21768058,,,,oncology,0,5
30693801,,,,oncology,0,4
94191642,21,,,oncology,40,0
71700515,0,,,oncology,0,0
90948830,2,,,oncology,0,0
57180884,1,,,oncology,0,3
31689886,,,,oncology,0,3
18295677,,,,oncology,0,3
13307801,3,,,oncology,6,0
40854206,7,,,oncology,3,6
29592782,6,,,oncology,0,0
93662494,12,,,other,0,24
58755199,15,,,other,0,60
71675727,22,,,other,0,0
39400322,0,,,neurology,0,0
28248364,3,,,other,0,7
46366505,,,,unknown,,12
60420615,2,,,neurology,0,0
17625885,5,,,neurology,0,0
44348284,8,,,other,0,0
55590741,,,,unknown,,0
80597329,10,,,other,0,0
93113282,,,,other,0,12
60653147,,,,unknown,,30
49590245,10,,,other,0,0
24282855,6,,,other,0,15
15977758,310,,,other,0,0
72926118,184,,,other,0,800
32501314,3,,,other,0,0
53311010,5,,,other,0,0
94911093,0,,,other,0,8
65859444,1,,,other,0,0
73716215,3,,,other,0,0
78369264,12,,,other,0,0
43453968,12,,,other,0,0
26517191,,,,unknown,,8
14393280,,,,unknown,,5
76712797,3,,,other,0,0
41831019,3,,,other,0,0
53950539,50,,,oncology,0,0
73223237,,,,other,0,10
38293595,0,,,other,0,6
31544522,0,,,other,0,0
39368250,3,,,other,0,0
83292461,5,,,oncology,6,0
36844581,,,,other,0,2
21911110,2,,,other,0,2
95452925,,,,unknown,,3
66133514,,,,unknown,,5
19909010,13,,,neurology,0,35
85649043,3,,,neurology,0,4
40478603,2,,,neurology,0,6
35201662,3,,,neurology,0,0
78307193,,,,unknown,,3
25944737,,,,neurology,0,0
78456260,24,,,other,0,0
67870192,,,,unknown,,18
25648876,,,,unknown,,25
93618795,,,,neurology,0,39
51199853,,,,unknown,,4
35900998,11,,,oncology,0,0
24112730,181,,,oncology,0,0
90932333,4,,,oncology,0,10
58893217,4,,,oncology,0,10
69284763,8,,,oncology,0,0
36807094,4,,,oncology,5,0
12804839,0,,,oncology,0,0
46158195,,,,oncology,8,8
40066881,,,,unknown,,4
16549409,,,,oncology,0,0
71502305,,,,other,0,12
84791588,,,,other,0,12
82996055,1,,,other,0,10
64153150,,,,oncology,0,0
53379824,,,,other,0,300
60526015,,,,other,0,300
81070450,,,,other,0,5
47883920,,,,other,0,300
34892452,,,,other,0,10
96857612,741,,,other,0,0
93793550,,,,other,0,50
18343076,,,,other,0,0
96224724,,,,other,0,0
11089407,4,,,oncology,0,0
53451840,0,,,oncology,0,8
69318846,2,,,oncology,0,20
79353855,0,,,oncology,0,0
49502856,4,,,oncology,0,12
24671702,6,,,oncology,0,0
68899984,287,,,other,0,0
70633393,2,,,other,0,3
39994767,21,,,other,40,40
95657642,,,,unknown,,0
43557952,3,,,other,0,10
26821124,,,,other,0,12
54726816,9,,,other,0,0
65131120,6,,,other,0,0
91813764,0,,,other,0,0
83308869,0,,,other,0,12
64303394,2,,,other,0,0
42505321,7,,,other,0,0
38318229,5,,,other,0,0
81038920,1,,,other,0,15
46511260,0,,,other,0,0
53063517,4,,,other,0,0
83930811,0,,,other,0,0
25437256,,,,other,0,200
94651894,,,,other,0,60
23274480,,,,other,0,250
62222929,171,,,other,0,0
15300523,8,,,other,0,0
84053686,13,,,other,0,0
17902706,1,,,other,0,4
41559746,,,,other,0,6
87802416,41,,,other,80,60
25906649,40,,,other,0,0
90648769,30,,,other,0,30
91422833,203,,,other,406,0
24944659,185,,,other,400,0
64148788,18,,,other,0,0
41867561,0,,,other,0,6
80926345,8,,,other,0,0
77813299,0,,,other,0,0
19498604,,,,other,0,0
16657085,,,,other,0,1
29300742,28,,,other,0,40
66990818,21,,,oncology,0,0
75889610,0,,,oncology,0,30
28782032,1,,,oncology,0,8
58333459,0,,,oncology,0,18
63714654,18,,,oncology,0,0
51932732,3,,,oncology,0,7
23086931,7,,,oncology,0,0
79863580,,,,unknown,,6
70041505,,,,unknown,,3
76775090,,,,unknown,,6
14732754,0,,,oncology,0,10
47188842,22,,,oncology,0,0
74468486,27,,,oncology,0,0
31075603,5,,,oncology,0,8
60025414,,,,other,0,1
41331211,,,,other,0,1
52630644,0,,,oncology,0,0
24327313,,,,other,0,1
67696403,0,,,other,0,0
44601055,25,,,other,0,25
24670283,67,,,other,0,0
84922850,,,,other,0,36
76312534,,,,other,0,8
17353266,6,,,other,0,10
14844546,13,,,other,25,20
25703151,1,,,other,0,20
64918647,4,,,other,0,0
88549733,3,,,other,0,36
18786212,7,,,other,0,4
69326961,0,,,other,0,0
34162951,29,,,other,0,30
74270212,3,,,other,0,20
88334261,,,,unknown,,3
95613178,,,,other,0,5
13259320,0,,,other,0,5
33311404,,,,other,0,19
32828079,,,,other,0,19
44491272,49,,,other,200,0
43402371,4,,,other,0,0
62760375,1,,,other,0,0
77284712,1,,,other,0,0
42559816,,,,other,0,25
93376991,4,,,other,0,20
38504188,75,,,other,0,70
88351218,36,,,other,0,100
25000553,2,,,other,0,25
99860178,,,,unknown,,0
73326429,,,,unknown,,0
69724607,0,,,other,0,15
46546936,,,,unknown,,0
72089144,,,,unknown,,0
67821549,,,,unknown,,0
15551078,,,,other,0,30
10904515,11,,,other,0,0
79520818,4,,,other,0,0
92095878,19,,,other,0,0
22653687,7,,,other,0,20
94401750,,,,other,0,300
95556824,,,,other,0,300
96092470,186,,,other,600,0
23405553,,,,other,0,0
25069719,,,,other,0,100
46195899,23,,,oncology,50,50
20184005,9,,,neurology,0,10
85408525,3,,,other,0,3
30718550,2,,,other,0,4
20154015,0,,,other,0,25
21096323,,,,other,0,25
25093681,0,,,other,0,3
69318817,2,,,other,0,5
26266832,1,,,other,0,10
45969402,0,,,other,0,4
22062301,4,,,other,0,15
88955219,2,,,other,0,10
11959008,0,,,other,0,6
70295111,,,,unknown,,2
45675266,0,,,other,0,0
37590232,0,,,other,0,0
19397013,2,,,other,0,4
45977166,4,,,other,0,8
88829046,1,,,other,0,6
31468634,2,,,other,0,10
49173479,1,,,other,0,0
66508504,9,,,other,5,10
61540943,1,,,other,0,10
40487905,1,,,other,0,4
46504670,,,,oncology,0,300
42500525,301,,,other,800,300
76505728,601,,,other,0,0
44524736,,,,other,0,0
41776141,,,,other,0,100
34131647,104,,,other,0,0
52917055,,,,other,0,5
47721784,7,,,other,0,60
92996411,68,,,other,0,0
73343448,116,,,other,40,200
83683501,0,,,other,0,20
54678315,,,,other,0,20
32311381,5,,,other,0,11
15894691,7,,,other,0,15
35096814,10,,,other,0,16
25012484,1,,,other,0,14
63638171,,,,other,0,5
90458747,55,,,other,0,0
22851979,,,,other,0,5
93069307,,,,unknown,,0
56297407,,,,other,0,100
58008856,3,,,other,0,0
96522200,10,,,other,0,18
67096194,10,,,other,0,0
51711960,119,,,other,0,300
74828574,1,,,other,0,5
68704061,0,,,other,0,0
45568865,4,,,other,0,0
21878083,2,,,other,0,0
13685231,,,,other,0,14
74388126,9,,,other,0,0
39654253,4,,,other,0,0
17364507,12,,,other,0,0
21398637,1,,,other,0,0
64871165,8,,,other,0,10
30933622,1,,,other,20,0
55648753,9,,,other,25,0
99101807,,,,other,0,10
20126323,0,,,other,0,0
45621946,32,,,other,0,0
36418217,3,,,oncology,0,0
91139892,2,,,oncology,0,0
42356030,140,,,other,0,300
87238218,11,,,other,0,32
33098713,70,,,other,0,0
50398285,26,,,other,0,0
12851180,5,,,other,0,5
52361745,2,,,other,0,5
20066419,1,,,other,0,0
46108883,,,,other,0,2
42593766,,,,other,0,5
28569145,1,,,other,0,10
97685073,1,,,other,0,10
29867110,2,,,other,0,3
68082556,2,,,other,0,5
50705719,14,,,other,0,10
83510161,50,,,other,50,0
42919009,13,,,other,8,20
97116412,8,,,other,20,0
63189096,,,,other,0,2
31690241,3,,,other,0,0
76582602,1,,,other,0,2
17249885,8,,,other,0,5
91047555,11,,,other,0,15
16302674,121,,,other,600,120
84085968,,,,other,0,1
67538440,,,,oncology,0,2
66999780,2,,,other,0,0
92081392,,,,oncology,0,1
92916243,2,,,oncology,0,3
53389916,4,,,other,0,10
94194932,1,,,oncology,0,5
15226039,1,,,oncology,0,0
92973165,4,,,other,0,4
24384825,2,,,other,0,2
92618421,,,,other,0,0
40610919,30,,,oncology,0,0
69880501,10,,,other,0,10
67446918,,,,other,0,4
78137475,3,,,other,0,10
96898082,55,,,other,0,0
81074733,1,,,oncology,0,8
84809986,5,,,other,0,60
18265840,52,,,oncology,0,0
42666960,24,,,other,0,40
83439752,80,,,other,0,0
85025589,8,,,oncology,100,0
16717545,2,,,oncology,0,3
83404639,0,,,other,0,10
85232084,2,,,other,0,20
75115097,,,,other,0,20
14953022,26,,,other,0,200
69471393,1,,,other,0,10
73394813,15,,,other,0,50
88516966,19,,,other,0,30
55151198,7,,,other,0,10
79546434,,,,other,0,25
80311759,5,,,other,0,0
41906252,2,,,other,0,0
19036625,6,,,other,0,30
69731162,44,,,other,0,0
60542057,132,,,other,0,120
87120672,5,,,other,0,7
82727227,20,,,oncology,0,0
24911675,,,,unknown,,20
24818627,2,,,oncology,0,0
27227075,1,,,oncology,0,0
19127831,,,,unknown,,16
35532866,8,,,other,0,0
81327772,3,,,other,0,3
63576012,8,,,other,0,0
23148151,7,,,other,0,0
33165764,32,,,other,0,0
14512990,3,,,oncology,0,0
56529723,1,,,oncology,0,0
20431617,24,,,oncology,0,0
17160305,3,,,oncology,0,0
84742897,2,,,oncology,0,0
37310794,4,,,oncology,0,0
66211890,0,,,oncology,0,10
58381039,8,,,oncology,0,0
68489013,6,,,oncology,0,0
30710427,0,,,oncology,0,32
91698476,0,,,oncology,0,0
65974175,5,,,oncology,0,0
34829703,5,,,oncology,0,0
51028434,,,,other,75,0
37696684,2,,,oncology,0,0
57658729,,,,other,0,10
66577121,1,,,other,0,0
17970592,2,,,other,0,0
37111180,,,,other,0,40
54161325,18,,,other,0,0
60067224,5,,,other,0,20
68658551,,,,other,0,0
10256609,,,,other,0,0
80298017,3,,,other,250,0
75726940,14,,,other,20,10
96414695,1,,,other,0,0
34326839,5,,,other,0,12
64730001,0,,,oncology,0,4
33854383,2,,,oncology,0,0
61477564,,,,other,0,8
97784342,9,,,oncology,21,0
12367232,0,,,oncology,0,0
81466655,9,,,oncology,0,0
70239810,4,,,oncology,0,0
99331457,21,,,oncology,0,0
18855957,3,,,oncology,0,0
66278634,2,,,oncology,0,0
22604898,2,,,oncology,0,0
65121942,9,,,oncology,0,16
69455538,2,,,oncology,0,0
26913575,5,,,oncology,0,0
33501374,7,,,oncology,0,0
13065814,,,,unknown,,6
94732060,,,,unknown,,4
69503721,9,,,oncology,0,0
87103140,10,,,oncology,0,0
35517223,10,,,oncology,0,0
98944115,20,,,oncology,0,45
88743860,,,,unknown,,15
68095466,9,,,oncology,0,0
56305783,0,,,oncology,0,8
88790204,1,,,oncology,0,0
44403205,6,,,oncology,0,0
61304102,10,,,oncology,0,0
45751183,4,,,oncology,0,18
70571580,12,,,other,0,0
47198005,0,,,other,0,0
32900040,47,,,other,0,100
53347471,14,,,other,0,100
33645159,30,,,other,100,70
40879047,,,,other,0,0
70927218,9,,,other,0,50
21962442,,,,unknown,,20
83707878,2,,,other,0,50
99400023,19,,,other,0,20
18895910,1,,,other,0,0
51432634,,,,other,0,20
94413455,,,,other,0,0
74572341,2,,,neurology,0,4
98345897,14,,,neurology,0,18
46342682,131,,,neurology,200,0
70319583,,,,unknown,,7
72892165,,,,unknown,,3
58431921,0,,,other,0,3
64274332,,,,unknown,,5
35487561,,,,unknown,,15
60076444,6,,,neurology,0,0
67359192,6,,,neurology,0,0
20119219,,,,unknown,,0
89595413,,,,unknown,,5
91702987,4,,,other,0,8
66578126,0,,,other,0,8
96912508,3,,,neurology,0,12
42582538,4,,,neurology,4,0
62660954,53,,,other,60,0
30759090,0,,,other,0,0
56191733,10,,,other,0,30
38040323,8,,,other,0,0
56230337,44,,,other,0,0
35340690,137,,,other,118,0
31444803,65,,,other,0,0
99496390,54,,,other,0,0
51125104,1,,,other,0,2
55433895,1,,,other,0,4
48277735,,,,other,0,8
39028796,,,,other,0,8
76303164,31,,,other,0,40
50146850,,,,other,0,5
38875543,1,,,mental_health,0,0
73332122,0,,,other,0,0
11083240,,,,unknown,,5
99311086,,,,unknown,,6
27825856,0,,,other,0,0
88904871,14,,,mental_health,0,7
44945392,,,,other,0,25
39195695,,,,other,0,5
96950144,1,,,other,0,2
35706931,,,,oncology,0,0
16299047,,,,oncology,0,0
71494525,5,,,oncology,0,0
64335905,12,,,other,0,0
25638047,7,,,other,0,0
25819357,0,,,other,0,40
24367633,,,,other,0,15
78803705,,,,other,0,2920
15581058,,,,unknown,,15
84205454,,,,unknown,,50
60404817,29,,,other,0,0
97145721,8,,,other,0,0
78345195,12,,,other,0,0
71830008,284,,,other,0,0
10197307,70,,,other,0,0
83808296,1,,,other,0,0
51058593,0,,,other,0,0
90224562,2,,,other,0,0
70986024,,,,other,0,2000
30401866,,,,other,0,2000
70345040,,,,other,60,0
64034573,,,,oncology,0,0
65843789,2,,,other,0,0
94548619,3,,,other,0,3
10928329,,,,other,0,0
68046062,3,,,other,0,95
87254919,1,,,other,0,30
53163421,1,,,other,0,60
12761104,0,,,other,0,10
14928131,3,,,other,0,25
66968381,,,,other,0,5
95076024,,,,unknown,,0
62776017,,,,other,0,0
78517141,35,,,other,0,0
64665750,62,,,other,0,50
43012370,26,,,other,0,26
22345626,10,,,other,0,0
12581288,1,,,other,0,5
43813819,1,,,other,0,20
79799946,3,,,other,0,20
78104151,4,,,other,0,20
25594542,,,,other,0,5
77402573,0,,,other,0,0
85455711,2,,,oncology,0,0
76419658,,,,oncology,0,0
31064874,3,,,oncology,0,0
14494707,50,,,other,0,50
14603814,94,,,other,0,0
48820220,267,,,other,0,0
89457442,,,,other,0,175
17899930,,,,other,0,0
25846597,,,,other,0,0
20841757,,,,other,0,0
64581902,9,,,other,0,0
69381919,8,,,oncology,0,0
68165970,6,,,other,10,0
58692462,2,,,oncology,0,0
42989666,2,,,other,0,0
60933593,0,,,other,0,0
34537960,,,,other,0,0
84370894,0,,,oncology,0,0
77534778,0,,,oncology,0,0
77780834,2,,,oncology,0,0
83610465,1,,,oncology,0,0
58580928,,,,unknown,,5
12080231,2,,,other,0,0
27987437,,,,oncology,0,16
60382891,,,,unknown,,0
34891690,,,,other,0,4
81989596,,,,oncology,0,12
10903559,3,,,other,6,10
59443687,3,,,other,0,0
16878155,16,,,other,0,0
52748111,,,,unknown,,6
68661222,2,,,other,0,0
71371916,1,,,oncology,0,4
94875956,6,,,other,0,0
74180825,,,,other,0,20
24528201,2,,,other,0,0
16394130,,,,other,0,10
60508796,29,,,oncology,0,35
52389917,3,,,other,0,8
34767447,18,,,oncology,28,28
13297914,,,,other,0,8
74907910,3,,,oncology,5,0
31367551,2,,,other,5,0
13841285,,,,oncology,0,7
33286825,5,,,other,0,0
63635372,,,,unknown,,7
44651160,8,,,other,0,0
82158065,40,,,other,20,0
89433565,30,,,other,0,100
10323495,,,,other,0,0
62980114,33,,,other,0,250
45424898,15,,,other,0,15
86778490,,,,other,0,0
73425649,3,,,other,0,0
79053141,15,,,other,60,0
23274260,4,,,other,0,25
53617440,1,,,other,0,0
41362202,13,,,other,0,0
47531949,0,,,other,0,6
40914071,2,,,other,0,10
14854019,,,,other,0,5
82577285,,,,other,0,15
72452218,36,,,other,0,80
66686456,,,,other,0,80
54766434,,,,other,0,15
11791021,1,,,other,0,4
42617333,9,,,other,0,20
58263251,,,,other,0,5
53109186,4,,,other,0,0
91612776,,,,other,0,0
36727567,,,,other,0,60
61539977,,,,other,0,20
47834644,103,,,other,0,149
91507613,112,,,other,0,220
71715759,,,,other,0,110
44161027,45,,,other,0,0
63205986,10,,,other,0,0
74330356,3,,,neurology,0,0
30266175,1,,,neurology,0,0
59761293,,,,other,0,0
45190960,,,,other,0,150
35743331,,,,other,0,0
50744008,37,,,other,0,120
40328853,,,,unknown,,2
59297177,2,,,other,0,0
88392079,41,,,other,81,80
51800096,3,,,other,0,0
96973617,,,,other,0,12
97137290,3,,,other,0,12
79296592,13,,,other,0,25
94876649,1,,,other,0,10
13786947,,,,unknown,,10
89548828,7,,,other,0,12
37464296,,,,other,0,10
92965760,2,,,other,0,6
64071473,1,,,other,0,10
59708320,16,,,oncology,0,0
95932840,17,,,other,0,35
45809819,11,,,oncology,30,0
10698928,359,,,oncology,400,400
30072858,248,,,oncology,400,0
25018591,7,,,other,10,0
91029754,,,,other,10,0
65446339,,,,unknown,,0
17998943,18,,,other,0,25
70304887,,,,other,0,18
78840952,,,,other,0,0
60936336,0,,,other,0,0
69276140,92,,,other,0,0
68758793,12,,,other,0,10
84866127,7,,,other,0,0
69225185,45,,,other,0,60
16822632,5,,,other,0,0
52531562,0,,,other,0,0
51646824,2,,,other,0,0
66806902,15,,,other,0,22
10853121,1,,,oncology,0,15
92362625,1,,,other,0,10
57839294,,,,other,0,10
22278673,,,,other,0,10
71447678,0,,,other,0,0
31576196,,,,other,0,10
16820834,,,,other,0,20
19161878,1,,,other,0,0
52331837,4,,,other,0,40
41741539,2,,,other,0,20
88819643,1,,,other,0,5
31222224,,,,other,0,20
42349198,24,,,other,0,25
47859826,0,,,other,0,10
43695793,,,,unknown,,0
19232314,13,,,other,0,0
66474249,0,,,other,0,0
47516323,4,,,other,0,10
93643599,22,,,other,0,27
76425049,,,,other,0,6
21522633,,,,other,0,6
44917555,1,,,other,0,0
82543209,11,,,other,0,15
11094035,,,,other,0,2
19049736,,,,other,0,1
55323902,,,,other,0,5
14077495,,,,other,0,5
20744028,6,,,other,5,10
42184183,1,,,other,0,4
95208496,,,,other,0,0
46886141,,,,other,0,50
98814018,4,,,other,0,20
67245065,1,,,other,0,3
84481301,175,,,other,0,120
81866592,65,,,other,0,0
25264305,,,,other,0,0
37941887,,,,other,0,1
75850165,32,,,other,72,0
73329716,35,,,other,0,480
35774042,,,,unknown,,0
52669139,,,,oncology,0,20
15092090,,,,oncology,0,3
21597301,17,,,oncology,0,0
78883827,43,,,oncology,0,88
80743728,,,,oncology,0,4
87331180,0,,,oncology,0,0
48712907,,,,oncology,0,4
63586384,13,,,other,150,0
83337273,4,,,other,6,0
39198748,23,,,other,25,25
26992722,5,,,other,5,0
29638717,3,,,other,6,0
51847527,7,,,other,10,0
20081449,0,,,other,0,0
97053833,111,,,other,0,0
96558912,,,,unknown,,180
85889985,,,,other,0,6
83326481,,,,other,0,6
14815092,1,,,neurology,0,9
39294063,,,,neurology,0,9
37135729,,,,other,0,0
55010839,3,,,other,0,0
72599559,5,,,other,0,8
51906346,1,,,other,0,1
30110889,4,,,other,0,0
93923371,48,,,other,0,100
90273452,3,,,other,0,3
40517077,,,,unknown,,10
29744675,,,,unknown,,4
69320235,,,,unknown,,20
67098464,1,,,other,0,5
29970134,6,,,other,0,0
62511148,0,,,other,0,0
75315244,6,,,other,21818233,6
10056650,6,,,other,0,0
18448765,29,,,other,45,0
40870107,11,,,other,45,0
39003066,0,,,other,0,0
59753508,1,,,other,0,20
35736414,18,,,other,0,16
59914558,0,,,other,0,0
62587940,4,,,other,0,40
84069408,13,,,other,0,37
16552421,,,,other,0,21
46712351,80,,,other,0,80
54626296,1,,,other,0,15
36610262,120,,,other,400,500
73521315,1,,,other,0,10
16090362,4,,,other,0,25
43254415,39,,,other,45,36
29839218,1,,,other,0,1
59637975,72,,,other,72,72
62620633,,,,other,0,55
50455648,18,,,other,0,30
86882748,4,,,other,0,0
56594424,5,,,other,0,8
76319099,1,,,other,0,5
83795693,,,,unknown,,0
69394189,,,,unknown,,0
17555231,,,,unknown,,0
45506111,,,,unknown,,0
45049003,8,,,other,0,124
17854146,,,,other,80,80
93129880,34,,,other,0,60
35128433,125,,,other,0,110
58526047,12,,,other,0,30
46208736,0,,,other,0,0
49870855,0,,,other,0,0
81025159,8,,,other,0,0
10786304,7,,,other,0,0
42161154,7,,,other,0,0
36744891,8,,,other,0,0
65672671,10,,,other,0,0
13899847,1,,,other,0,0
63894987,231,,,other,0,0
74910566,,,,other,0,100
54908943,84,,,other,0,80
85191847,,,,other,0,70
20229534,,,,other,0,30
24692100,6,,,oncology,0,50
29045536,,,,oncology,0,0
97169879,,,,oncology,0,0
45319828,1,,,oncology,0,5
96389631,6,,,oncology,0,10
63776777,74,,,other,0,100
81784240,30,,,other,0,0
20139466,40,,,other,0,60
73862753,,,,other,0,50
22202805,78,,,other,0,140
61049666,,,,other,0,10
37521623,4,,,other,0,5
82956727,,,,other,0,370
94981298,1,,,other,0,15
36408919,10,,,other,0,10
16402690,308,,,other,0,600
54897726,,,,other,0,1000
18303597,,,,other,0,550
63530906,,,,other,0,9
97846673,5,,,other,0,5
37996969,3,,,other,4,4
52014294,2,,,other,0,10
31074178,10,,,other,0,500
23013316,1,,,other,0,1
10047725,1,,,other,10,0
74901232,,,,other,0,2
89213155,2,,,other,0,5
74592162,23,,,other,18,0
77493981,,,,other,0,0
24170106,16,,,other,0,0
26290475,3,,,other,0,7
16164604,12,,,other,0,14
21297897,8,,,other,0,5
93582180,30,,,other,0,30
18957203,6,,,other,0,8
69560244,,,,other,0,8
99887036,2,,,other,0,8
62481713,5,,,other,0,10
45000473,,,,other,0,100
19018525,0,,,other,0,0
35288549,2,,,other,0,20
90002149,2,,,other,0,0
83243712,0,,,other,0,0
73741040,0,,,other,0,0
60674876,,,,oncology,0,0
97875142,,,,oncology,0,8
55997945,1,,,oncology,0,0
76027971,23,,,oncology,0,0
34352465,7,,,oncology,0,0
67726987,3,,,oncology,0,0
34027031,36,,,oncology,28,0
73125924,,,,oncology,0,9
75520503,8,,,oncology,0,16
30718187,0,,,oncology,0,12
29319017,,,,unknown,,15
81088652,15,,,oncology,0,0
89353905,4,,,oncology,0,24
96906631,1,,,oncology,0,0
43355537,1,,,oncology,0,8
69299326,1,,,oncology,0,3
51130580,,,,oncology,0,16
88280845,1,,,oncology,0,12
13061544,,,,oncology,0,16
16829780,0,,,oncology,0,30
37652726,7,,,oncology,0,19
48672881,1,,,oncology,0,24
71349404,10,,,oncology,0,0
26827665,8,,,oncology,0,36
27697521,9,,,oncology,58,0
69015815,1,,,oncology,0,0
28333023,1,,,oncology,0,1
11858686,1,,,oncology,0,1
67525071,2,,,oncology,0,10
75681962,7,,,oncology,0,0
38834284,99,,,other,0,233
23039568,,,,other,0,140
65964854,51,,,other,0,75
89516398,69,,,other,0,167
83437206,169,,,other,0,0
14090840,110,,,oncology,240,0
37669540,11,,,other,0,12
32302684,,,,other,0,0
91957206,96,,,other,0,100
63554685,100,,,other,0,0
48890695,42,,,other,0,50
25823406,,,,other,0,50
22014417,26,,,other,0,55
23278892,60,,,other,60,60
55808187,0,,,oncology,0,0
86863851,0,,,oncology,0,10
78383663,77,,,oncology,0,100
56495893,6,,,oncology,0,0
49673186,3,,,oncology,0,0
25731010,,,,unknown,,10
61316721,,,,unknown,,10
27930423,0,,,oncology,0,12
73869940,,,,oncology,0,20
16430128,1,,,oncology,0,0
27523785,0,,,oncology,0,80
76731678,0,,,oncology,0,0
73346113,,,,oncology,0,0
93223281,1,,,oncology,0,22
17731515,2,,,oncology,0,0
35142199,2,,,oncology,0,15
12084347,1,,,oncology,0,8
49019188,,,,oncology,0,30
27277615,,,,oncology,0,20
42385751,13,,,oncology,24,10
78587243,2,,,oncology,0,10
48096793,,,,oncology,0,0
98811987,14,,,oncology,5,0
70461033,,,,oncology,0,0
77474178,0,,,oncology,10,10
80571571,1,,,oncology,0,5
26397062,3,,,oncology,0,0
88574190,5,,,oncology,0,10
46625124,,,,oncology,0,0
15804412,4,,,oncology,0,8
62246060,5,,,oncology,0,20
58788289,92,,,oncology,0,0
89983733,8,,,oncology,0,10
43192796,,,,oncology,0,44
21888617,,,,unknown,,5
75795549,2,,,oncology,0,4
17903457,20,,,oncology,0,0
93666925,,,,unknown,,12
28471304,4,,,oncology,0,16
74023687,84,,,other,0,200
30272125,,,,oncology,0,10
69465338,8,,,oncology,0,0
65335122,,,,other,0,100
69136447,5,,,other,0,0
36047055,1,,,other,0,3
98051165,2,,,other,0,120
29191675,16,,,other,0,0
52670191,,,,other,0,10
62694423,4,,,other,0,8
16816643,17,,,other,0,20
49845458,386,,,other,0,0
70831956,136,,,other,150,150
35483176,24,,,other,0,40
45872080,2,,,other,0,0
25728062,3,,,other,0,0
55818199,0,,,other,0,0
58811119,4,,,other,0,0
68691762,2,,,other,0,15
22029180,6,,,other,0,0
39485075,,,,unknown,,0
71058213,10,,,other,0,0
70333534,0,,,other,0,40
75958024,,,,other,0,15
68677902,0,,,other,0,10
27778560,,,,unknown,,15
36159382,,,,unknown,,5
97281275,7,,,other,0,10
85680655,5,,,other,8,0
48464379,3,,,other,8,0
54985943,13,,,other,0,15
60908761,,,,other,0,0
11994456,,,,other,0,0
76948539,6,,,other,0,0
71403161,8,,,other,0,15
84019358,3,,,other,0,15
74926239,,,,other,0,15
39160574,3,,,other,0,10
87411406,,,,other,0,10
45861532,5,,,other,0,10
44518143,2,,,other,0,10
33472388,,,,unknown,,10
36151170,,,,unknown,,0
71676973,7,,,other,0,0
20846410,3,,,other,0,0
96597735,2,,,other,0,10
41343695,1,,,other,0,6
62968248,17,,,other,0,375
47112124,,,,unknown,,43
88306352,405,,,other,0,0
85398906,1,,,other,0,0
81375887,109,,,other,0,0
15439453,,,,other,0,0
27612206,11,,,other,0,0
83056731,0,,,other,0,4
69454151,5,,,other,0,10
17336825,,,,other,0,10
83384797,1,,,other,0,2
83526536,4,,,other,0,0
57565960,,,,other,0,715
32772855,45,,,other,0,0
58118344,366,,,other,0,0
54892774,112,,,other,0,150
67252974,91,,,other,0,0
46609291,259,,,other,0,0
62085285,0,,,other,0,0
65382650,,,,other,0,50
15280036,,,,other,0,50
36306650,,,,unknown,,19
22869123,44,,,other,0,0
46812431,2,,,other,0,0
47815192,21,,,other,0,20
16634635,6,,,other,0,0
53711653,0,,,other,0,0
62056376,,,,other,0,72
63377192,18,,,other,0,0
63849236,10,,,oncology,0,0
22797313,0,,,other,0,2
19641768,1,,,oncology,0,0
12589521,0,,,oncology,0,10
85858330,5,,,oncology,0,0
41129863,1,,,oncology,0,0
60273995,2,,,oncology,0,0
21951796,0,,,oncology,0,0
16005758,67,,,oncology,0,60
52317522,60,,,other,0,300
87980751,0,,,other,0,50
63092582,2,,,other,0,0
65364237,,,,other,0,0
78004687,,,,other,0,0
26870005,,,,other,0,0
74869022,13,,,other,0,45
11654739,48,,,other,0,624
63120876,1,,,other,0,0
56706540,,,,other,0,0
68314866,,,,other,0,10
44307443,0,,,other,0,2
25324022,1,,,other,0,10
29873743,2,,,other,0,0
61166911,9,,,other,0,0
69621000,6,,,other,0,0
21206972,6,,,other,0,0
10130729,0,,,other,0,0
92452616,20,,,other,0,0
12274695,2,,,other,0,20
47297775,2,,,other,0,0
37956039,,,,other,0,10
84433075,0,,,other,0,0
36749999,1,,,other,0,0
64546088,1,,,other,0,10
98774099,11,,,other,0,0
82920223,2,,,other,0,2
84641131,,,,other,0,0
68282491,1,,,other,0,10
55781594,2,,,other,0,10
19408142,0,,,other,0,0
45499524,,,,other,0,0
48294491,3,,,other,0,30
15093964,,,,other,0,4
18264270,,,,other,0,4
59846862,1,,,other,0,4
51424623,1,,,other,0,0
59995381,0,,,other,0,0
54220022,2,,,other,0,0
62927613,2,,,other,0,0
30750536,0,,,other,0,0
33356601,1,,,other,0,4
56465793,4,,,other,0,4
74053506,0,,,other,0,0
21534595,0,,,other,0,0
40857480,9,,,other,0,0
66574366,4,,,other,0,0
20613486,2,,,other,0,10
13039706,0,,,other,0,0
52752455,,,,other,0,4
73979009,1,,,other,0,0
37932397,2,,,other,0,4
18094573,0,,,other,0,0
26146235,1,,,other,0,0
51436101,0,,,other,0,0
94263123,0,,,other,0,0
78424669,,,,other,0,20
93531228,6,,,other,0,0
76788891,0,,,other,0,0
60290807,0,,,other,0,0
89878242,8,,,other,0,4
13760186,3,,,other,0,0
32503476,0,,,other,0,0
77909560,18,,,oncology,0,0
22708288,32,,,oncology,38,0
46486431,200,,,oncology,0,0
23155864,0,,,other,0,0
79571019,,,,other,0,10
36055453,,,,other,0,3
17104874,,,,unknown,,0
28919340,3,,,other,0,100
58018078,,,,other,0,50
63427072,,,,other,10,5
22639023,,,,other,0,20
56816359,26,,,oncology,0,0
58713131,16,,,other,0,24
59376631,17,,,other,0,29
20931784,8,,,other,0,25
68887039,1,,,other,15,0
75809903,2,,,other,0,0
99474470,0,,,other,0,5
29279611,,,,other,0,0
81010194,,,,unknown,,30
77221452,22,,,other,0,26
17363275,0,,,other,0,10
94860026,19,,,other,0,30
77744940,,,,other,0,10
76206399,4,,,other,0,15
88585184,,,,other,0,30
25954081,,,,other,0,18
92055305,1,,,other,0,14
77594822,31,,,other,300,0
16238394,12,,,other,0,100
16640488,3,,,other,0,30
65775356,4,,,other,0,3
53464997,,,,other,0,12
67306596,18,,,other,0,0
17520627,0,,,other,0,4
28242234,2,,,other,0,0
62505937,9,,,other,0,0
38427042,1,,,other,0,5
95711578,,,,other,0,6
16445302,14,,,other,0,60
49778544,8,,,other,0,15
23841071,7,,,other,0,25
40291025,1,,,other,0,25
98599995,0,,,other,0,0
79406239,,,,other,0,0
88042197,5,,,other,0,25
94890097,6,,,other,0,20
95708953,6,,,other,0,14
14067888,,,,other,0,5
32639118,,,,other,0,10
59247362,,,,other,0,15
89882181,,,,unknown,,0
26359797,2,,,other,0,3
75353257,1,,,other,0,1
37609110,,,,unknown,,1
99232963,1,,,oncology,0,1
31061219,,,,other,0,0
27849217,2,,,other,0,0
11408629,2,,,other,0,0
56300111,3,,,other,0,100
46595896,,,,unknown,,0
93254632,4,,,other,0,0
31339832,8,,,other,0,0
97813259,,,,other,0,0
95233800,34,,,other,0,600
97814235,,,,other,0,100
90893159,,,,other,0,150
65129667,3,,,other,0,30
51062916,3,,,other,0,20
47538396,3,,,other,0,0
58922364,7,,,other,0,0
26636081,,,,other,0,50
83239409,228,,,other,400,0
26788728,16,,,other,0,0
15354278,,,,other,0,30
80658694,57,,,other,0,0
10232469,4,,,other,0,8
96395957,3,,,other,0,0
71541465,,,,other,0,0
25502410,1,,,other,0,0
83099438,,,,unknown,,0
89270551,1,,,other,0,10
97609069,3,,,oncology,9,25
66249663,,,,other,0,0
35462857,9,,,oncology,0,0
66860991,1,,,other,0,3
29652092,13,,,other,0,10
31930260,2,,,other,0,2
68876474,0,,,other,0,0
84907350,15,,,other,0,50
58788261,,,,other,0,125
95086825,1,,,other,0,10
58449062,0,,,other,3,3
35378452,2,,,other,0,2
51819576,2,,,other,0,0
64956623,0,,,other,0,10
94805895,,,,unknown,,10
51269044,26,,,other,0,50
93576901,,,,unknown,,5
99299179,28,,,oncology,0,0
78665200,2,,,oncology,0,0
65442185,6,,,oncology,0,0
90162485,9,,,oncology,15,0
17372402,19,,,oncology,0,0
87560739,1,,,oncology,0,0
81597895,384,,,other,0,500
55802835,0,,,oncology,0,36
57312414,,,,other,0,0
72100152,,,,other,0,10
25199913,,,,neurology,0,0
24036625,,,,neurology,0,0
75096920,2,,,neurology,0,0
24241000,9,,,neurology,0,0
48979598,,,,unknown,,20
15764261,,,,other,0,20
50350343,6,,,neurology,0,6
70349846,15,,,neurology,0,100
40182982,5,,,other,0,150
24045054,6,,,other,0,150
86660652,2,,,other,0,0
25896365,1,,,other,0,15
86275167,7,,,other,0,50
30867694,127,,,neurology,160,0
74385133,3,,,neurology,0,3
66299285,3,,,other,0,0
57131132,28,,,neurology,9800,20000
91182131,,,,other,0,10
68872462,28,,,neurology,0,100
15769506,,,,unknown,,20
31852071,1,,,other,0,15
35144356,,,,other,0,0
21485018,9,,,other,0,5
32252115,2,,,neurology,9,0
27434661,,,,unknown,,20
29064755,,,,unknown,,20
28684556,9,,,other,0,20
87432745,,,,unknown,,15
23541159,,,,neurology,0,10
94894400,2,,,other,0,3
96034512,,,,unknown,,10
64904657,,,,unknown,,30
54208443,,,,other,0,16
90378713,,,,other,0,15
75399061,,,,unknown,,10
74677997,,,,unknown,,10
85317161,3,,,other,0,0
50733036,,,,unknown,,20
30281084,,,,other,0,20
58476154,20,,,other,0,30
79179906,61,,,oncology,0,0
82701778,30,,,oncology,0,0
50902168,19,,,oncology,0,0
11974675,1,,,other,0,0
51041511,3,,,other,0,0
10418519,6,,,other,0,0
12186411,314,,,other,115,0
58020947,26,,,other,0,0
63796765,4,,,other,0,0
82588980,0,,,other,0,0
80303527,5,,,other,0,0
17642662,0,,,other,0,0
46429151,,,,other,0,120
57598761,,,,other,0,0
51693871,101,,,other,0,110
71607803,,,,other,0,100
30214987,,,,other,0,1000
38298144,,,,other,0,0
18818068,24,,,other,0,0
88206216,,,,other,0,30
51507794,,,,other,0,20
24071907,,,,other,0,40
22230529,2,,,other,0,10
86934474,,,,other,0,0
40084921,,,,other,0,0
64156322,,,,other,0,10
71042109,,,,other,0,0
56505364,114,,,other,0,0
26465936,,,,other,0,0
14699541,11,,,other,0,125
46364076,1,,,other,0,0
27171324,1,,,other,0,2
47195746,1,,,other,3,0
90612832,3,,,other,0,10
67078269,9,,,other,0,0
54273255,,,,other,0,3
77189595,12,,,other,0,0
20347359,3,,,other,0,4
91137761,0,,,other,0,6
56889492,1,,,other,0,0
87994417,10,,,other,0,0
31170332,,,,unknown,,0
45797705,,,,other,0,10
93507849,3,,,other,0,0
13053470,1,,,oncology,0,20
60918265,0,,,other,0,2
18427355,2,,,other,0,0
10792116,,,,other,0,8
61869027,4,,,oncology,0,0
70026937,0,,,other,0,0
72052775,5,,,other,0,0
74063483,,,,unknown,,4
34294468,3,,,other,0,0
41792960,1,,,other,0,0
64165457,11,,,oncology,0,0
68327459,3,,,oncology,0,0
12491717,34,,,other,0,0
29243730,1,,,other,0,3
41353660,11,,,other,15,0
92555583,1,,,other,0,5
73289709,5,,,other,5,0
70477363,1,,,other,0,1
57815072,,,,other,0,15
99953352,8,,,other,10,0
12009310,,,,unknown,,30
83552309,23,,,other,0,100
41050447,8,,,other,16,16
89383086,23,,,neurology,200,0
97103436,,,,other,0,200
66340211,,,,other,0,0
40957908,10,,,other,0,0
31656580,12,,,other,0,120
96365129,,,,other,0,10
91745902,8,,,other,0,10
27475866,,,,unknown,,10
89478481,3,,,other,0,0
31339729,12,,,other,0,0
19885660,60,,,other,0,0
40735032,2,,,other,0,6
67368442,50,,,other,0,0
52359055,,,,other,0,30
10776575,0,,,other,0,0
36900041,38,,,other,0,60
74492946,9,,,other,0,20
73379790,15,,,other,0,24
21484253,15,,,other,0,0
50654456,0,,,other,0,5
43856240,50,,,other,0,0
20443995,3,,,other,0,0
40482727,14,,,other,6,6
14088741,4,,,other,11,11
72415758,1,,,other,0,6
38737641,37,,,other,0,0
79845246,5,,,other,0,0
68982649,6,,,other,0,0
18118175,3,,,other,0,0
78166873,5,,,other,0,6
67067053,2,,,other,0,2
75250735,5,,,other,0,5
51450748,2,,,other,0,0
87651600,39,,,other,0,0
41547048,3,,,other,0,0
40562295,1,,,other,0,3
81636685,1,,,other,0,5
52982069,5,,,other,0,0
19116343,9,,,other,0,0
52335757,4,,,other,0,0
71953955,2,,,other,0,40
33066249,2,,,other,0,40
65359918,,,,other,0,30
79147201,28,,,other,0,30
94797491,,,,unknown,,10
76668530,,,,unknown,,10
83410879,,,,unknown,,10
96108319,,,,unknown,,10
32804314,2,,,other,0,0
67984964,,,,unknown,,10
57425541,,,,unknown,,10
50691614,,,,unknown,,10
33549863,3,,,other,0,10
12448854,4,,,other,0,0
69164485,,,,unknown,,10
15905721,1,,,other,0,0
89905392,1,,,other,0,2
39460148,,,,other,0,0
22392867,2,,,other,0,0
68815377,2,,,other,0,10
68818682,6,,,other,0,0
77471642,,,,unknown,,10
89011944,2,,,other,0,3
22963836,,,,other,0,0
52404055,,,,unknown,,10
73126680,1,,,other,0,4
51691078,,,,unknown,,10
60838267,2,,,other,0,0
70112349,4,,,other,0,0
31652125,,,,other,0,0
14483391,,,,unknown,,10
69703092,2,,,other,0,0
39925800,1,,,other,1,0
22062329,7,,,other,0,10
65740770,,,,unknown,,10
93568835,,,,unknown,,10
82038688,4,,,other,0,0
69746213,,,,unknown,,10
31932224,,,,unknown,,10
55751700,1,,,other,0,3
16006600,,,,unknown,,10
19830112,1,,,other,0,0
81238856,,,,other,0,1
15992235,4,,,other,0,5
60581951,2,,,other,0,0
46065693,2,,,other,0,10
50313223,0,,,other,0,3
11500108,5,,,other,0,2
56157555,1,,,other,0,0
18475119,,,,other,0,3
80193134,4,,,other,0,10
54270366,1,,,other,0,0
56562959,0,,,other,0,2
29572760,,,,unknown,,10
91002291,,,,other,0,0
88365651,4,,,other,0,3
68784721,2,,,other,0,0
75123384,3,,,other,0,10
36073926,2,,,other,0,0
69175634,10,,,other,0,22
95209890,4,,,other,0,10
37834167,0,,,other,0,0
73139751,,,,other,0,0
69448247,3,,,other,0,0
44813447,,,,other,0,10
18537949,,,,unknown,,5
58947011,2,,,other,0,0
43252477,2,,,other,0,2
86903042,4,,,other,0,5
42093464,59,,,other,0,0
22981298,5,,,other,0,5
57603149,0,,,other,0,0
98120473,5,,,other,0,4
48734642,7,,,other,20,0
71721904,4,,,other,0,0
33686174,4,,,other,0,20
47761659,,,,other,0,35
19644806,,,,other,250,0
22145115,1,,,other,0,18
47547712,,,,other,0,0
56937886,0,,,other,0,0
75509667,1,,,oncology,0,24
76811977,35,,,oncology,0,0
93630325,0,,,oncology,0,0
84823582,,,,oncology,0,10
20422473,,,,unknown,,2
24684512,18,,,oncology,0,0
98863596,0,,,oncology,0,2
55421417,0,,,oncology,0,2
27098003,0,,,oncology,0,12
96850888,1,,,oncology,0,0
12589564,5,,,oncology,0,30
78197079,,,,oncology,0,10
38590005,0,,,oncology,0,0
41545064,15,,,oncology,0,0
48590181,4,,,oncology,0,0
18435880,,,,oncology,0,8
14860009,,,,unknown,,3
60066854,,,,oncology,0,10
56450662,,,,unknown,,2
32906956,,,,unknown,,3
31206015,5,,,oncology,0,7
64493520,0,,,oncology,0,0
71347775,,,,oncology,0,12
57275657,2,,,oncology,0,0
21189144,0,,,oncology,0,0
54563846,0,,,oncology,0,0
45305803,0,,,oncology,0,16
30870392,1,,,oncology,4,0
72462753,0,,,oncology,0,0
99452153,4,,,other,8,8
74039465,4,,,other,5,0
13564293,0,,,other,0,12
50310744,9,,,other,0,0
40304424,,,,unknown,,4
31243992,,,,unknown,,12
43207278,1,,,other,0,2
35211787,1,,,other,0,3
17227519,,,,unknown,,0
91990829,32,,,other,0,0
52063871,2,,,other,0,0
35688061,15,,,other,0,0
52497853,18,,,other,0,0
87649881,13,,,other,0,0
12938467,6,,,other,0,0
88000787,2,,,other,0,0
84757380,1,,,other,0,0
39540616,4,,,other,0,0
32436400,4,,,other,0,0
30859383,18,,,other,24,0
54067243,22,,,other,22,22
12804282,59,,,other,80,0
25805097,27,,,other,0,0
41965226,0,,,other,0,0
66265796,33,,,other,0,0
30802407,15,,,neurology,15,0
41928014,11,,,other,0,130
55934962,,,,unknown,,0
41460527,16,,,other,0,0
48974820,15,,,other,0,0
35012347,,,,unknown,,50
95876703,7,,,other,0,0
96681924,,,,unknown,,0
86837120,8,,,other,0,10
51685100,6,,,other,0,40
55382797,,,,other,0,12
35379779,2,,,other,0,20
28750607,0,,,other,0,12
60085505,,,,other,0,5
51884641,30,,,other,0,0
57367128,0,,,other,0,20
24196459,1,,,other,0,0
47881543,1,,,other,0,0
60722948,3,,,oncology,0,16
50632167,3,,,other,0,0
21942636,,,,other,0,10
83931685,1,,,other,0,0
30479029,0,,,other,0,0
58332101,10,,,other,0,0
41849687,,,,other,0,0
66820440,6,,,other,0,20
49344673,3,,,other,0,0
27448661,3,,,other,0,0
74536375,0,,,other,0,0
43734226,0,,,other,0,0
64950530,0,,,other,0,8
94441726,1,,,other,0,0
99906391,,,,other,0,0
94082563,10,,,other,0,0
92778914,,,,other,0,30
95146373,6,,,other,0,0
44291047,,,,other,0,10
54480822,,,,other,0,4
28531226,0,,,other,0,2
16248838,,,,other,0,5
54367799,1,,,oncology,0,0
83722866,,,,other,0,60
43611370,0,,,oncology,0,0
79319716,14,,,other,0,30
54642714,7,,,other,0,30
19040101,6,,,other,0,15
54362750,,,,other,0,0
25958886,,,,other,0,4
36566808,0,,,other,0,3
20868724,35,,,other,0,0
87660269,3,,,other,0,6
50885486,12,,,other,0,0
45527333,5,,,other,0,0
59260589,,,,unknown,,10
58274893,,,,other,0,12
52474968,0,,,other,0,1
33029963,,,,unknown,,10
42647246,,,,unknown,,10
46012297,5,,,other,0,3
48136957,3,,,other,0,35
48309379,1,,,other,0,0
95046629,4,,,other,0,30
89181167,141,,,other,0,180
19988594,,,,other,4000,0
29200556,,,,other,0,0
93834997,17,,,other,0,0
37645533,100,,,other,0,0
82671226,2,,,other,0,0
18605903,13,,,other,0,16
80507393,0,,,other,0,0
96876643,0,,,other,0,3
87386572,1,,,other,0,10
51109916,100,,,other,200,500
84780463,123,,,oncology,0,150
57160958,28,,,other,80,0
92485318,,,,other,0,0
60346380,509,,,other,0,0
27652738,0,,,oncology,0,0
58912849,40,,,other,0,0
61670942,,,,other,0,0
33715659,18,,,other,0,0
77412206,34,,,other,0,0
90936729,190,,,other,0,0
25707198,1,,,other,0,0
31344348,4,,,oncology,0,30
84174675,18,,,oncology,0,25
82339277,4,,,oncology,0,12
42538625,10,,,oncology,0,0
52698114,0,,,oncology,0,12
65383424,4,,,oncology,0,0
16961833,3,,,oncology,0,12
80162459,,,,oncology,0,32
94309906,17,,,oncology,0,0
57847669,8,,,oncology,0,16
89321045,,,,oncology,0,6
20064289,1,,,oncology,0,8
28350830,14,,,oncology,0,0
91226265,17,,,oncology,30,0
65658434,,,,unknown,,0
98524774,,,,unknown,,12
46599621,12,,,oncology,0,0
79312465,2,,,oncology,0,0
34616133,5,,,oncology,0,0
87242207,10,,,oncology,0,0
30303615,0,,,oncology,10,10
27541202,,,,unknown,,6
47410941,16,,,oncology,0,0
89019626,0,,,oncology,0,0
32076311,10,,,oncology,0,0
26175351,,,,oncology,0,13
60892964,20,,,oncology,0,30
99999892,7,,,oncology,20,0
87417093,37,,,oncology,36,0
64381249,13,,,oncology,20,0
52718945,6,,,oncology,0,0
75307776,2,,,oncology,0,12
15875851,,,,unknown,,18
36596413,8,,,oncology,0,11
42068017,2,,,oncology,0,8
95276827,9,,,oncology,0,30
41210353,6,,,oncology,0,0
66666313,,,,unknown,,0
16179000,,,,unknown,,25
27465008,11,,,oncology,0,0
27603605,1,,,oncology,0,0
82414515,6,,,oncology,0,0
51213677,7,,,oncology,40,0
74746548,2,,,oncology,0,0
81217547,,,,other,0,10
77661180,,,,other,0,0
49882681,49,,,oncology,0,75
85164306,,,,other,300,0
11546131,1,,,other,0,5
90608785,0,,,oncology,0,0
30488290,0,,,oncology,0,0
27989971,3,,,oncology,0,0
10611098,0,,,diabetes,0,40
62351903,2,,,other,0,20
58524434,6,,,diabetes,0,30
51495561,5,,,other,0,50
49808617,2,,,diabetes,0,0
23823658,4,,,diabetes,0,0
11617240,0,,,other,0,0
62669389,18,,,other,150,25
91695348,2,,,diabetes,0,30
69994544,5,,,diabetes,0,24
14164365,1,,,other,1,1
37201832,1,,,other,0,50
48981077,0,,,other,0,0
22151108,,,,unknown,,20
73532879,5,,,diabetes,0,0
12992914,,,,other,5,10
19206737,64,,,other,0,100
50844687,1,,,other,0,0
43364761,11,,,other,0,12
46060632,4,,,other,0,3
92918525,2,,,other,0,0
97092250,59,,,other,0,80
42791772,0,,,other,0,0
66574017,,,,other,0,0
89790677,1,,,other,5,5
84397719,68,,,other,0,100
24576985,7,,,other,0,50
50749364,,,,unknown,,160
43330020,9,,,other,0,15
62040551,31,,,other,0,50
37174869,,,,unknown,,36
73164459,16,,,other,0,50
72861689,,,,other,0,30
97168914,10,,,other,0,30
89124322,6,,,other,0,15
28987511,7,,,other,0,50
25440840,64,,,other,0,0
50654386,5,,,other,0,0
57823099,,,,other,0,10
90757373,0,,,other,0,5
47533938,,,,other,0,10
10868777,3,,,other,0,5
56733388,,,,other,0,10
40102140,1,,,other,0,10
73517309,,,,other,0,10
13167555,8,,,other,0,72
60111145,7,,,other,0,0
84897216,0,,,other,0,10
44274832,8,,,other,0,20
28630539,,,,unknown,,5
43538318,10,,,other,0,12
88176901,1,,,other,0,3
18854901,5,,,other,0,0
28884469,,,,unknown,,20
71327244,,,,unknown,,20
31241722,5,,,other,0,6
25566761,,,,unknown,,5
26378191,,,,unknown,,25
96773805,,,,other,0,10
99950061,,,,unknown,,20
82777645,3,,,other,0,0
56456750,2,,,other,0,0
16249708,,,,other,0,1
62132146,9,,,other,0,0
67839568,9,,,other,0,20
76671391,,,,other,0,50
74525087,,,,other,0,50
58304329,6,,,other,0,20
44311649,24,,,other,25,25
53226912,15,,,other,0,0
29956781,,,,other,0,0
25268288,2,,,other,0,0
62631673,3,,,other,0,20
78026226,6,,,other,0,0
22114380,3,,,other,0,0
67596507,14,,,other,0,0
49085130,6,,,other,0,0
66350794,6,,,oncology,0,0
85834544,3,,,oncology,0,35
23021465,0,,,oncology,0,15
41593045,,,,oncology,0,3
45711331,,,,unknown,,5
71017253,,,,other,0,0
26440272,3,,,other,0,0
86225779,2,,,other,0,20
91140710,0,,,other,0,0
44657122,,,,oncology,0,80
83693868,1,,,oncology,0,0
97806719,1,,,other,0,10
19900037,1,,,other,0,30
10005880,5,,,other,0,0
55855459,1,,,other,0,10
40649198,,,,other,60,0
91158414,0,,,other,0,0
10924648,,,,other,0,12
12935647,,,,other,70,0
33975166,,,,other,0,20
62869973,,,,oncology,0,0
51552557,,,,other,0,0
43583640,,,,other,0,20
90720720,24,,,other,0,36
35520961,69,,,other,34,0
31132291,42,,,other,0,120
20562383,,,,other,17,0
51496435,11,,,other,0,0
92152190,,,,other,20,0
16329498,19,,,other,0,30
53906618,5,,,other,0,70
69370128,,,,other,0,0
88454742,37,,,other,0,0
90385377,,,,other,0,15
73654816,25,,,other,60,0
32621280,,,,other,0,0
42238581,7,,,other,0,0
94702547,9,,,other,0,27
51165046,10,,,other,0,0
28379446,,,,other,0,135
40858060,464,,,other,0,0
63427998,12,,,other,0,0
43633152,,,,other,0,3
23660175,5,,,other,0,6
43168249,8,,,oncology,0,0
75679077,40,,,oncology,0,0
83473673,2,,,oncology,0,0
62792749,14,,,other,0,40
89296972,0,,,other,0,0
30156610,29,,,other,0,50
76427640,0,,,other,0,0
71100827,33,,,other,0,100
29828226,11,,,other,20,28
91663529,,,,other,0,6
17261086,,,,other,18,0
64961119,5,,,oncology,0,15
65767556,9,,,other,0,24
99206327,1,,,other,0,0
68217785,15,,,other,0,15
10676957,,,,other,0,12
67403810,,,,other,0,0
50936824,,,,oncology,0,5
47606264,8,,,oncology,0,70
86810864,,,,other,120,0
94203918,,,,other,0,12
37631165,166,,,other,0,20000
56398661,0,,,other,0,0
29349554,,,,other,0,0
61618924,3,,,oncology,0,6
37692425,18,,,oncology,50,0
40464630,706,,,other,0,0
39785188,56,,,other,0,75
57656286,,,,other,0,300
14030415,0,,,oncology,0,0
66715676,1,,,other,200,0
86196721,8,,,oncology,26,0
42648482,3,,,oncology,0,0
97379166,8,,,other,0,30
73224853,7,,,oncology,0,0
58634993,,,,oncology,0,8
89246019,15,,,oncology,0,0
42289334,6,,,oncology,0,10
88328560,1,,,oncology,0,10
48780597,,,,other,0,0
69548290,60,,,other,0,60
60740360,22,,,other,0,0
11422946,196,,,oncology,10,0
90575466,65,,,oncology,100,0
97087610,26,,,oncology,28,0
15192147,28,,,oncology,0,0
86644092,0,,,other,0,0
90825606,5,,,other,0,0
91771219,,,,other,0,10
62516558,5,,,other,0,0
74509037,1,,,other,0,1
21275354,1,,,other,4,4
88700126,1,,,other,0,0
89851929,1,,,other,0,6
97419948,6,,,other,0,30
51532573,3,,,other,0,0
54739466,4,,,other,8,0
96616228,,,,unknown,,12
27564093,40,,,oncology,0,40
53800150,8,,,oncology,0,0
67137402,22,,,oncology,0,0
94983662,0,,,oncology,0,0
92002314,0,,,oncology,0,0
55782938,5,,,oncology,0,10
36530938,1,,,oncology,0,0
99712579,,,,unknown,,3
72953855,3,,,oncology,0,0
53795077,0,,,oncology,0,50
33763371,7,,,oncology,0,0
11413578,,,,other,0,8
59836089,4,,,other,0,25
87844977,7,,,other,0,8
15532965,2,,,other,0,0
58870477,,,,other,0,15
54946572,1,,,other,0,24
30197515,5,,,other,0,30
81086406,,,,other,0,100
47860781,6,,,other,0,30
14559161,,,,other,0,32
43968762,,,,other,0,10
95211594,1,,,oncology,0,0
99020369,2,,,oncology,0,8
87862152,2,,,oncology,3,0
77245934,,,,oncology,0,20
13522204,0,,,oncology,0,0
43036071,,,,oncology,0,4
97415381,,,,oncology,0,6
71570818,630,,,oncology,0,0
57724732,3,,,oncology,0,0
86955519,0,,,oncology,0,0
13086902,16,,,oncology,0,0
82620256,3,,,oncology,0,0
78466132,10,,,oncology,0,0
79545574,1,,,oncology,0,0
48469977,4,,,oncology,0,0
21115278,9,,,oncology,0,0
77023125,,,,other,0,36
16665278,,,,other,0,10
18181971,,,,other,0,5
77663488,,,,other,0,10
61560755,,,,other,0,10
96587900,0,,,other,0,0
10757631,,,,other,0,0
18851198,,,,other,0,0
35938837,31,,,oncology,25,0
45793791,3,,,oncology,12,0
18211100,14,,,oncology,110,0
59451324,173,,,oncology,0,0
61954523,3,,,other,0,0
81074472,3,,,other,0,8
16249870,17,,,other,0,0
75441474,280,,,other,0,780
40027208,15,,,other,0,60
10177209,33,,,other,0,50
20090324,8,,,other,0,0
40758327,8,,,other,0,30
22817838,,,,other,0,50
90823944,13,,,other,0,11
67479562,6,,,other,0,100
60715901,21,,,other,0,0
19216572,19,,,other,0,0
60887211,5,,,other,0,0
83751212,7,,,other,0,0
27135479,6,,,other,0,48
30126974,3,,,other,0,32
24989491,3,,,other,0,30
11476501,,,,unknown,,32
26861061,,,,unknown,,24
77730124,14,,,other,0,50
94852258,4,,,other,0,50
62373335,,,,unknown,,48
19328336,,,,other,0,50
70759221,11,,,other,0,26
62012965,,,,unknown,,12
48017670,2,,,other,0,50
41201892,16,,,other,0,50
93394583,40,,,other,0,0
42284014,17,,,other,0,30
17499494,10,,,other,0,0
67735557,14,,,other,0,15
52916487,7,,,other,0,50
97925767,11,,,other,0,14
90888369,18,,,other,0,0
78982959,10,,,other,0,40
52775672,,,,other,0,100
95760066,6,,,other,0,50
56937776,0,,,other,0,50
89720559,10,,,other,0,100
53918112,10,,,other,0,12
65460934,17,,,other,0,8
16965270,,,,unknown,,0
34721431,12,,,other,0,24
16838681,26,,,other,0,0
43858706,26,,,other,0,16
34869621,8,,,other,0,50
60920050,9,,,other,0,50
72036795,,,,other,0,32
58076844,6,,,other,0,24
69377632,,,,unknown,,24
24423904,16,,,other,0,30
54947897,8,,,other,0,50
13553262,6,,,other,0,16
83020296,10,,,other,0,50
93336374,12,,,other,0,40
51998504,14,,,other,0,32
55143717,18,,,other,0,75
96710533,3,,,other,0,18
13630947,,,,unknown,,30
87713186,16,,,other,0,100
32065238,6,,,other,0,60
89172599,20,,,other,0,50
47256706,16,,,other,0,0
75289709,8,,,other,0,30
77908110,16,,,other,0,50
20514758,47,,,other,0,100
95978682,7,,,other,0,0
94932259,8,,,other,0,50
67486460,16,,,other,0,0
53447399,50,,,other,0,100
80858701,12,,,other,0,48
51885313,17,,,other,0,0
38111263,8,,,other,0,100
91301941,8,,,other,0,100
80260399,6,,,other,0,50
20105711,1,,,other,0,40
44107013,11,,,other,0,100
40028080,21,,,other,0,100
78137122,12,,,other,0,100
27076231,6,,,oncology,0,100
26813648,9,,,other,0,60
63155492,7,,,other,0,75
28530144,14,,,other,0,0
63954725,,,,unknown,,15
48765212,11,,,other,0,0
32755474,19,,,other,0,48
36189333,8,,,other,0,0
56557275,,,,unknown,,0
89698342,21,,,other,0,24
48171690,9,,,other,0,40
90178678,11,,,other,0,0
36226101,35,,,other,0,0
93112463,20,,,other,0,50
89663081,11,,,other,0,100
40770750,14,,,other,0,8
95596044,8,,,other,0,30
21800869,7,,,other,0,100
48975768,,,,other,0,30
41429637,10,,,other,0,50
13172925,18,,,other,100,50
80626029,,,,other,60,0
91457754,11,,,other,0,50
43190452,9,,,other,0,50
91235816,18,,,other,0,100
30484676,37,,,other,0,36
57968859,35,,,other,0,36
99458753,,,,unknown,,0
71133740,,,,other,0,60
58596264,28,,,other,0,0
65431687,,,,other,0,20
94002022,16,,,other,0,13
73371314,,,,other,0,100
18376789,,,,other,0,2000
91849410,,,,other,0,1000
98525852,,,,other,0,0
21972340,,,,unknown,,0
46295480,,,,other,0,500
71041601,,,,other,0,0
10264750,78,,,other,200,0
40255660,,,,other,0,1500
45966710,,,,other,0,0
36475872,11,,,other,0,0
97485929,,,,oncology,144,144
48715597,4,,,oncology,0,0
96139849,3,,,oncology,0,10
70866643,148,,,oncology,0,118
18370691,289,,,oncology,300,0
32098909,24,,,oncology,0,140
73878471,2,,,oncology,0,75
55570707,90,,,other,0,0
67563186,65,,,other,0,0
42076244,,,,other,0,70
94877829,1,,,other,0,0
88433467,2,,,neurology,0,0
49508675,3,,,neurology,0,0
25757316,1,,,neurology,0,1
10390350,4,,,other,0,12
72009723,2,,,neurology,0,5
85691481,1,,,other,0,10
17484784,16,,,neurology,0,15
67861454,2,,,other,0,3
21341937,1,,,other,0,3
53113316,4,,,neurology,0,0
46300055,0,,,neurology,0,3
96262967,0,,,other,0,5
91206394,1,,,neurology,0,0
68832088,,,,neurology,0,5
98643364,,,,other,0,5
87141108,55,,,neurology,0,0
89470527,11,,,neurology,0,0
87958306,10,,,other,0,0
58417879,2,,,other,0,0
48814757,3,,,neurology,0,0
29515478,,,,unknown,,5
40512729,3,,,neurology,0,5
34919348,,,,neurology,0,25
79038999,85,,,other,0,150
71201366,,,,other,0,12
10816438,16,,,other,0,40
13633904,23,,,other,0,0
62493375,0,,,other,0,0
83417420,0,,,other,0,0
14821008,7,,,other,0,0
82518783,18,,,other,0,18
28541591,2,,,oncology,8,2
63900485,0,,,other,0,0
31678996,2,,,other,2,2
62358256,1,,,oncology,2,26
73663498,10,,,other,0,0
16802689,2,,,other,0,7
36160121,18,,,other,0,0
20500154,6,,,oncology,6,0
51515078,5,,,oncology,0,0
32976325,6,,,other,0,0
57732484,3,,,other,0,6
38544431,5,,,other,6,9
93872660,5,,,other,6,0
10019184,6,,,other,32,26
19833314,,,,other,0,0
99928918,8,,,other,0,0
61662009,,,,other,0,0
96593739,0,,,other,0,6
40030460,8,,,oncology,0,0
47085726,15,,,oncology,0,0
19102883,1,,,oncology,0,72
66543644,4,,,oncology,10,0
65668909,2,,,oncology,0,7
54812677,10,,,oncology,10,0
27812847,2,,,oncology,0,0
91005920,4,,,other,0,4
29630585,5,,,other,12,0
10117264,4,,,other,0,0
67289208,52,,,other,0,0
34959794,5,,,other,0,24
31265299,19,,,other,0,24
97425393,1,,,other,0,2
35708664,,,,unknown,,80
42475607,181,,,other,250,260
22328611,1,,,oncology,0,0
89717262,10,,,oncology,0,10
43833466,0,,,oncology,0,0
72931749,1,,,oncology,0,10
25426615,3,,,oncology,0,5
19771258,8,,,oncology,0,16
60707368,,,,oncology,0,10
32618420,2,,,oncology,0,0
79288402,0,,,oncology,0,0
32675178,1,,,oncology,0,0
88381836,1,,,oncology,0,10
30480830,0,,,oncology,0,30
52959469,8,,,oncology,0,20
46224819,5,,,oncology,0,0
71047633,2,,,oncology,0,0
59581598,,,,other,0,0
11822407,,,,cardiology,0,0
87850540,,,,unknown,,15
51008765,0,,,other,0,0
80284028,40,,,other,0,150
73934993,3,,,other,0,20
92483777,,,,other,0,10
47248556,,,,other,0,10
26110259,,,,other,0,40
67147874,0,,,other,0,100
43975146,219,,,other,0,5000
22064404,1,,,other,0,20
29467397,3,,,cardiology,0,0
16889338,0,,,other,0,0
23115852,1,,,other,0,0
59453401,1,,,other,0,0
72067821,8,,,other,0,30
77818130,,,,other,0,100
27045696,5,,,other,0,0
42837697,20,,,other,0,25
88826270,14,,,other,0,25
35992665,,,,other,0,15
23150852,9,,,other,50,0
13722356,,,,other,0,0
40209232,,,,oncology,0,20
72280856,966,,,oncology,0,0
81035618,4,,,other,4,16
66175315,6,,,other,4,0
73746512,2,,,other,0,0
52700292,7,,,other,0,0
17714303,2,,,other,0,0
22604355,3,,,other,0,10
90762546,2,,,other,0,2
26625576,7,,,other,0,30
11265284,14,,,other,0,200
94962519,1,,,other,0,0
93308485,,,,unknown,,0
96413751,1,,,other,0,10
60405009,0,,,other,0,0
24641133,,,,unknown,,50
37344213,3,,,other,0,1
93964549,,,,other,0,7
66989870,,,,other,0,50
32031440,10,,,other,0,20
61769588,4,,,other,0,20
90311571,4,,,other,0,4
73233405,15,,,other,0,0
84693468,10,,,other,0,0
47215250,0,,,other,0,0
86417765,57,,,other,60,0
13461742,,,,other,0,25
54389021,,,,other,0,56
59992276,,,,other,0,25
29142146,6,,,other,0,7
43970146,1,,,other,0,1
40113225,1,,,other,0,0
82939179,0,,,other,0,50
59140164,1,,,other,0,10
22437390,,,,unknown,,50
91972089,2,,,other,120,0
16976028,2,,,other,0,40
36815415,5,,,other,40,0
47956376,1,,,other,250,0
24276496,89,,,other,0,0
11011144,18,,,other,0,0
28214011,,,,other,0,0
58639619,,,,other,0,0
23847297,399,,,other,0,0
76065832,2,,,other,0,6
60724664,1,,,other,1,0
62149667,5,,,other,0,0
24905987,32,,,other,0,30
90966504,92,,,other,0,0
31526047,,,,other,0,0
60328939,36,,,other,0,75
49484411,,,,oncology,0,12
60432020,,,,unknown,,20
96651343,25,,,oncology,0,30
20184976,,,,unknown,,0
78634549,,,,unknown,,16
86291255,1,,,oncology,0,0
58256075,4,,,oncology,0,0
93409218,1,,,oncology,0,0
78311616,7,,,oncology,0,0
28431302,,,,oncology,0,0
12015271,0,,,oncology,0,0
53117508,15,,,oncology,0,0
63759127,9,,,oncology,0,0
52606142,15,,,other,0,0
11321930,1,,,cardiology,0,0
57386449,,,,other,0,0
43754546,,,,other,0,0
86295893,8,,,oncology,24,0
89849656,,,,unknown,,6
33524328,,,,other,0,500
73689702,,,,other,0,500
54711840,3,,,other,0,3
94417902,11,,,other,0,0
30478669,,,,other,0,5
50747239,3,,,other,0,0
98659939,3,,,oncology,0,0
80806505,6,,,oncology,0,0
31822842,1,,,other,0,10
52577102,25,,,other,100,0
13116743,,,,other,0,24
95846946,26,,,other,30,0
48563995,,,,other,0,10
35024751,0,,,other,0,3
69709122,,,,other,0,5
43379610,,,,other,0,8
89213810,20,,,other,0,20
37343085,,,,other,0,6
23219026,,,,other,0,10
50965331,,,,other,0,10
43001851,,,,other,0,100
90929089,3,,,other,0,4
78474359,6,,,other,0,0
83685111,,,,other,0,7
97164867,,,,unknown,,10
13622958,,,,unknown,,10
83382913,3,,,other,0,5
32300506,,,,unknown,,10
10637887,3,,,other,0,7
77979676,,,,other,2700,0
90546763,,,,other,500,568
69068447,,,,other,0,22
68821170,7,,,oncology,0,0
69932818,,,,other,0,0
64483564,3,,,other,0,10
31585561,3,,,other,0,0
75503393,,,,other,0,0
53437713,,,,other,0,500
58627103,1,,,other,0,0
68083597,,,,unknown,,10
13090320,,,,unknown,,10
13575190,,,,other,0,30
86081450,,,,unknown,,10
18286439,4,,,other,0,7
62981930,5,,,other,0,4
83216256,3,,,other,0,4
72998636,,,,unknown,,10
46464472,,,,unknown,,6
94560592,,,,other,2000,1000
50783795,,,,other,0,0
68150851,,,,other,0,0
38108976,,,,unknown,,12
10547792,0,,,other,0,5
44359787,8,,,other,10,0
61203238,87,,,other,0,100
18228003,9,,,other,0,20
38503923,1,,,other,0,20
99354087,2,,,other,0,20
97813740,1,,,other,0,10
19514615,4,,,other,0,2
63596033,8,,,other,0,0
63875214,6,,,other,0,10
95716300,3,,,other,0,0
69420575,4,,,other,0,5
21431405,8,,,other,0,0
32646488,21,,,other,0,0
14976223,12,,,other,0,0
36029868,16,,,other,0,0
44549700,2,,,other,0,0
51677309,56,,,oncology,0,60
24331592,12,,,other,0,12
68552031,6,,,other,0,5
94586731,4,,,other,0,4
85477276,7,,,other,0,8
62416841,3,,,other,0,5
51906403,5,,,other,0,7
87926863,2,,,other,0,2
64079934,1,,,other,0,3
53807204,11,,,other,0,6
86018150,4,,,other,0,6
10676907,3,,,other,0,5
36063861,12,,,other,0,10
68471462,11,,,other,0,10
96160425,1,,,other,0,10
84475452,,,,unknown,,10
44228597,,,,unknown,,10
45858447,,,,unknown,,10
32407165,,,,unknown,,10
74276548,,,,unknown,,10
10026685,,,,unknown,,10
60052897,2,,,other,0,0
93929362,,,,unknown,,10
20210610,17,,,other,0,0
71218826,0,,,other,0,2
62223104,1,,,other,0,0
25429928,,,,other,0,3
81152760,2,,,other,0,6
22371817,,,,unknown,,10
12577286,9,,,other,0,20
92506576,2,,,other,0,30
50915923,7,,,other,0,20
30192910,3,,,other,0,0
77133013,17,,,other,0,0
97940812,0,,,other,0,2
34357107,,,,unknown,,10
88145667,,,,unknown,,10
29169469,2,,,other,2,5
92489955,5,,,other,0,6
97932613,2,,,other,0,0
87669397,1,,,other,0,0
11583093,,,,unknown,,10
54607355,,,,unknown,,10
34943902,3,,,other,0,0
36566375,18,,,other,0,255
85835971,8,,,other,100,0
76546993,,,,other,0,0
53953453,2,,,oncology,0,0
25961916,,,,other,0,0
65595569,,,,other,0,0
60319385,,,,other,0,1500
27923816,,,,other,0,0
70312964,,,,other,0,0
41172896,,,,unknown,,10
30612422,,,,other,0,3
80174065,,,,other,0,3
32399173,,,,unknown,,10
23332343,,,,unknown,,660
10102029,,,,other,0,0
30041208,,,,other,0,200
41510128,,,,other,0,0
17999654,6,,,other,0,5
71337769,1,,,other,0,2
79075324,2,,,other,0,2
71418357,2,,,other,6,0
96843051,1,,,other,0,2
21181199,0,,,oncology,0,7
67375047,0,,,oncology,0,40
60493847,5,,,oncology,0,0
66065646,0,,,oncology,0,0
10086543,1,,,oncology,0,18
55802838,0,,,oncology,0,75
78281645,1,,,oncology,0,0
54466680,2,,,oncology,0,0
86732434,1,,,oncology,0,20
98348788,,,,oncology,0,16
50638984,9,,,oncology,0,0
85964737,0,,,oncology,0,0
22231451,5,,,oncology,0,0
12641855,,,,other,0,0
79656090,1,,,other,0,0
64252802,,,,other,0,10
53380260,15,,,other,0,100
31917943,,,,other,0,200
13975693,,,,neurology,1200,1200
74834652,,,,other,0,0
53472595,,,,other,0,2
39334841,,,,other,0,15
39118883,0,,,other,0,10
73062198,1,,,other,0,0
14202987,0,,,other,0,0
70382750,1,,,other,0,0
13383974,4,,,other,0,10
86327672,2,,,oncology,4,0
84746611,1,,,oncology,8,4
10382107,1,,,other,0,8
67141125,,,,unknown,,10
21123033,14,,,other,0,0
70721084,,,,unknown,,10
36396538,,,,unknown,,10
24413486,107,,,other,0,100
17479317,13,,,other,0,0
77600002,83,,,other,0,0
45431223,2,,,oncology,0,1
10186854,1,,,oncology,0,10
56777375,0,,,oncology,0,12
53252570,5,,,oncology,0,0
39082678,0,,,oncology,0,10
13284228,3,,,oncology,0,0
82330775,2,,,other,0,6
34892328,5,,,neurology,0,8
52659583,,,,other,0,0
93062416,1,,,neurology,0,5
79307000,18,,,neurology,33,0
70321550,,,,other,0,5
10688078,3,,,other,0,0
48493461,5,,,other,0,0
43909833,,,,other,0,0
53836184,2,,,other,0,5
14007894,,,,unknown,,10
59155854,2,,,other,0,5
35761065,3,,,neurology,0,28
51593144,,,,unknown,,15
97594047,3,,,other,0,0
27568302,22,,,other,0,26
70969253,2,,,other,0,20
13218159,,,,neurology,0,6
18740266,3,,,neurology,0,0
58359344,,,,unknown,,3
20325116,1,,,neurology,1,1
93132387,5,,,other,0,0
51902253,4,,,other,0,5
30250683,0,,,other,0,70
60748695,247,,,other,0,0
28636270,,,,other,0,26
59169360,2,,,other,0,4
72096408,3,,,other,0,5
11918185,29,,,other,0,75
51528555,,,,other,0,0
90187021,,,,other,0,0
50469773,20,,,other,0,40
20194448,,,,other,0,0
15771240,,,,other,0,0
37831362,,,,other,0,0
83385390,37,,,other,0,40
56809407,15,,,other,0,0
68753005,23,,,other,0,0
34636839,,,,other,0,0
23733748,,,,unknown,,0
53091332,24,,,other,0,40
86133955,,,,other,0,200
52722157,23,,,other,0,50
58453882,1,,,other,0,10
20156578,41,,,other,0,0
55886459,2,,,oncology,0,0
29753980,2,,,oncology,0,0
14951251,,,,oncology,0,0
31697013,,,,oncology,0,4
21121316,0,,,oncology,0,24
85132872,362,,,oncology,0,1000
82329648,282,,,oncology,600,0
70893619,124,,,oncology,600,0
48490318,22,,,oncology,60,0
18407698,5,,,oncology,15,0
18096316,,,,other,0,0
97272082,3,,,oncology,4,0
98191335,4,,,oncology,10,15
79684255,9,,,other,0,0
42386944,2,,,other,0,2
65545798,2,,,other,0,2
51085216,,,,unknown,,10
20242228,,,,unknown,,0
13632797,5,,,other,0,0
43558323,4,,,other,0,0
56123118,,,,unknown,,0
43591544,7,,,other,0,24
43551115,3,,,other,0,12
47062603,,,,unknown,,8
80644437,2,,,other,0,10
73422620,10,,,other,0,0
21668194,9,,,other,20,0
11946090,7,,,other,0,60
53149156,,,,unknown,,20
55377419,,,,unknown,,25
37886044,2,,,other,0,6
31160396,2,,,other,3,10
23185767,2,,,other,0,10
21213840,22,,,other,0,120
74899289,,,,unknown,,25
80830677,19,,,other,20,20
48414874,38,,,other,45,0
56591349,8,,,other,0,0
47250955,,,,unknown,,10
94487253,75,,,other,0,0
55049977,,,,unknown,,4
81830852,0,,,other,0,0
72049139,1,,,neurology,20,0
47157240,,,,oncology,0,20
61811785,44,,,oncology,0,0
30971411,0,,,oncology,0,0
91699044,20,,,oncology,0,0
89610710,0,,,oncology,0,0
11134156,,,,other,0,0
28896358,,,,other,0,20
15548012,,,,unknown,,0
24437714,13,,,other,0,0
49465258,,,,other,0,4
51733930,,,,other,0,0
21816804,,,,other,0,200
38718450,66,,,other,0,0
30076955,5,,,other,0,55
24500007,11,,,other,11,5
44280835,9,,,other,0,15
21411716,0,,,other,0,0
53097549,12,,,other,0,0
40045595,8,,,other,0,50
96367728,16,,,other,0,0
76735544,111,,,other,0,500
38767699,20,,,other,0,30
81875705,,,,other,0,80
55933313,0,,,other,0,12
73029903,9,,,other,0,16
44333771,3,,,other,0,24
58052459,204,,,oncology,300,0
32880438,0,,,other,0,0
94893985,0,,,other,0,0
92387614,2,,,other,0,10
19511582,4,,,other,0,10
94664352,4,,,other,0,0
84602554,14,,,oncology,0,0
76485252,26,,,other,26,0
68631128,2,,,other,0,4
48304180,1,,,other,0,0
45045285,4,,,other,0,5
91737197,,,,other,0,20
10415965,3,,,other,0,97
54563534,0,,,other,2,2
52105858,1,,,other,10,10
62838620,2,,,other,0,0
80057364,5,,,other,0,0
44023494,,,,unknown,,6
23105628,5,,,other,0,0
94023983,0,,,other,0,0
80796426,2,,,other,0,4
38284188,21,,,other,0,60
87961745,51,,,other,0,0
94820024,12,,,other,12,0
26538861,,,,other,0,1
83326002,,,,other,0,1
64956212,,,,other,0,30
10734361,25,,,other,0,1000
19162590,,,,other,0,150
45820715,199,,,other,0,0
65892696,15,,,oncology,0,0
56420006,,,,other,0,285
77716867,22,,,oncology,0,40
60034236,6,,,other,0,100
16183001,1,,,oncology,0,3
42902904,14,,,oncology,0,20
92465179,,,,other,500,500
76981004,6,,,oncology,0,1000
13222998,,,,oncology,0,0
41252151,1,,,oncology,0,0
19457501,57,,,other,0,250
54499265,11,,,other,0,10
86702116,15,,,other,0,0
79558487,2,,,other,0,0
16818079,,,,unknown,,0
34714230,14,,,oncology,0,0
82775911,7,,,oncology,0,0
58108799,,,,oncology,18,10
99017512,11,,,oncology,0,0
23635878,1,,,oncology,0,25
62498265,18,,,oncology,0,0
69107820,4,,,oncology,50,25
26968440,27,,,oncology,0,0
33206723,,,,other,0,50
56773899,11,,,other,0,24
91736009,21,,,other,0,100
55838456,8,,,other,0,60
73328163,41,,,other,0,60
59958867,3,,,other,0,3
69001614,14,,,other,80,0
76851144,6,,,other,0,20
97362380,,,,other,0,0
73872169,1,,,other,0,0
19239424,2,,,other,0,3
37687151,2,,,other,0,3
84775761,2,,,other,0,0
21952799,1,,,other,0,50
46843534,89,,,other,0,90
69643126,8,,,other,0,16
57225105,,,,other,0,0
95596768,0,,,other,0,0
23212366,4,,,other,10,13
32752305,4,,,other,0,0
65604569,2,,,other,0,3
33902118,12,,,other,0,40
57550499,1,,,other,0,10
75548033,1,,,other,0,4
78758560,9,,,other,0,0
93553479,,,,oncology,0,0
32796763,,,,other,0,1
95156859,4,,,oncology,0,0
30202211,2,,,oncology,0,12
66259493,,,,other,0,150
47629517,,,,oncology,0,15
98629518,3,,,other,3,10
55408586,13,,,other,0,0
10201267,,,,other,0,111
50630704,39,,,other,40,40
84514440,20,,,other,20,20
86230088,10,,,other,0,0
63775787,29,,,other,0,50
30624334,36,,,other,0,0
46943762,20,,,other,136,0
63967375,20,,,other,0,0
51876803,90,,,other,0,0
90731415,47,,,other,80,0
94389263,68,,,neurology,0,158
66068283,,,,unknown,,7
23395820,,,,unknown,,5
84733484,25,,,neurology,0,0
74132802,1,,,other,0,30
78256025,0,,,other,0,0
59921525,8,,,other,0,0
89830844,6,,,other,6,0
81292834,2,,,other,0,25
59376893,24,,,other,0,0
54389211,8,,,other,0,25
97718185,12,,,other,11,0
80169534,,,,other,0,20
56274069,81,,,other,0,300
30287805,2,,,other,0,10
87018118,3,,,other,0,8
15009807,0,,,other,0,10
36976845,,,,other,0,20
46502584,2,,,oncology,0,0
15978062,9,,,oncology,0,0
80119027,,,,oncology,0,5
80289461,,,,unknown,,20
12092353,,,,oncology,0,5
17230424,36,,,oncology,0,0
57525314,5,,,oncology,0,0
68404299,13,,,oncology,0,20
19621569,7,,,oncology,0,0
23187732,,,,oncology,1,1
39111703,26,,,oncology,0,0
10390625,10,,,oncology,0,15
11275809,7,,,oncology,0,15
12913410,24,,,oncology,0,0
55948107,,,,oncology,0,8
26202950,43,,,oncology,0,0
79132126,17,,,oncology,0,0
68690878,8,,,oncology,0,24
21204837,,,,oncology,0,1
27516682,,,,unknown,,0
65130291,16,,,oncology,0,0
92959028,,,,oncology,0,40
12416331,7,,,oncology,0,0
62663865,6,,,oncology,0,10
35244667,7,,,oncology,0,15
84873857,2,,,oncology,0,0
92292612,37,,,oncology,0,0
38007792,2,,,oncology,0,0
36071581,3,,,oncology,0,10
61404193,,,,oncology,0,1
35819950,1,,,oncology,0,1
73206594,1,,,oncology,0,1
13554970,2,,,oncology,0,0
85824955,3,,,oncology,0,0
46624114,,,,other,0,100
90945160,0,,,other,0,0
14071720,4,,,other,0,0
54246869,,,,unknown,,3
41929866,3,,,other,0,9
50273932,,,,unknown,,36
65576805,,,,unknown,,0
88983780,9,,,other,0,9
87670741,,,,unknown,,0
47712390,5,,,other,0,10
62565558,,,,other,0,16
64075585,13,,,oncology,0,0
21238225,,,,other,0,3
91886276,,,,other,0,5
39214744,,,,unknown,,10
26522779,2,,,other,0,0
76892624,7,,,other,0,10
70622821,,,,unknown,,10
94002711,,,,unknown,,3
37204216,2,,,other,0,3
59137548,,,,unknown,,2
42282784,0,,,oncology,0,20
22251387,3,,,oncology,0,0
20007976,2,,,oncology,0,0
77672499,4,,,oncology,0,0
78505499,5,,,oncology,20,12
67417072,10,,,oncology,0,0
83948193,24,,,oncology,0,0
35311542,,,,oncology,0,20
60887549,1,,,oncology,0,0
25377909,0,,,oncology,0,30
90058542,27,,,oncology,0,0
89087961,,,,unknown,,7
62061020,0,,,oncology,0,30
10418783,0,,,oncology,0,10
42757830,1,,,oncology,0,25
98441035,0,,,oncology,0,0
71636909,35,,,oncology,0,0
61567134,3,,,oncology,0,0
59926604,6,,,oncology,0,0
60899017,,,,unknown,,0
16864610,1,,,oncology,0,0
71243287,1,,,oncology,0,0
23228223,5,,,oncology,0,0
46156655,5,,,oncology,0,15
34459644,14,,,oncology,0,0
81022514,0,,,oncology,0,20
54002581,3,,,other,0,0
58868553,6,,,other,0,0
96634949,,,,other,0,20
41356097,2,,,other,0,15
87198284,,,,other,0,20
38464833,93,,,other,0,0
45637770,6,,,other,8,0
60998284,14,,,other,0,40
71223898,,,,other,0,4
52879889,4,,,other,2,0
63717711,2,,,other,20,0
10647801,5,,,other,0,6
52198025,4,,,other,0,10
86251823,8,,,other,0,6
19593415,4,,,other,0,8
40163213,0,,,other,0,0
28503058,31,,,other,0,40
32834402,,,,other,0,60
25750655,96,,,other,0,400
50775366,,,,other,0,20
69576908,94,,,other,0,175
72843673,,,,other,30,0
72232843,15,,,other,0,0
75050980,16,,,other,0,50
58525730,111,,,other,0,200
84054818,0,,,other,0,0
81236103,,,,other,0,12
28709600,5,,,other,0,0
13307835,3,,,other,0,0
81137785,1,,,other,0,0
20238316,0,,,other,0,0
14814972,7,,,other,0,0
15366412,1,,,other,0,0
14160376,2,,,oncology,0,0
32768241,19,,,other,30,0
57377944,36,,,other,0,0
45116608,10,,,other,0,10
50275436,9,,,other,0,0
74122318,12,,,other,0,0
55296994,18,,,other,0,0
41852855,,,,unknown,,20
10223996,8,,,other,5,20
18515210,1,,,other,0,50
39731667,14,,,other,20,0
76135223,0,,,oncology,0,10
30078866,9,,,other,0,0
78417544,12,,,other,0,0
27782813,26,,,other,0,0
72389410,3,,,other,0,0
19461688,1,,,other,0,0
48661929,10,,,other,0,15
61744282,19,,,other,24,36
50482395,,,,other,0,21
29656804,17,,,other,0,0
80898698,6,,,other,0,0
61753154,4,,,other,0,12
39320652,0,,,other,0,20
44307832,4,,,other,0,0
16152080,4,,,other,0,0
58990176,,,,unknown,,12
55137266,,,,other,0,16
23447710,2,,,other,0,3
65834270,7,,,other,0,0
17985031,11,,,other,0,0
79746493,2,,,other,0,0
33116574,14,,,other,22,0
32024776,13,,,other,0,40
69241259,12,,,other,0,20
24176933,64,,,other,0,120
14991051,,,,unknown,,25
41226720,1,,,other,0,0
89501104,7,,,other,0,0
45231552,15,,,other,0,0
88643683,19,,,other,0,0
63532548,6,,,other,0,8
78589424,2,,,other,0,0
73678643,,,,unknown,,12
15681339,17,,,other,0,15
98822655,5,,,other,0,10
27642178,13,,,other,0,15
90283589,,,,unknown,,0
32886174,15,,,other,0,0
99533049,,,,other,0,0
11567322,,,,other,0,0
52222493,0,,,oncology,0,4
15614179,35,,,oncology,42,0
76829450,,,,other,0,1500
13513412,18,,,other,0,0
37594208,,,,other,0,0
58937283,702,,,other,0,0
25789607,10,,,other,0,0
52401741,1,,,other,0,0
22803611,8,,,other,0,0
77118958,,,,unknown,,5
73062444,1,,,other,0,3
91240594,0,,,other,0,3
47436546,4,,,other,0,0
73218585,1,,,other,0,0
22650467,,,,unknown,,4
95493805,,,,unknown,,1
35786977,2,,,other,0,10
52320801,1,,,other,0,2
10786277,4,,,other,0,3
85963360,10,,,other,0,0
42060275,85,,,other,0,200
52937506,0,,,oncology,0,25
68566721,,,,unknown,,12
59179054,6,,,oncology,20,0
45154442,4,,,oncology,10,0
90415539,2,,,oncology,0,30
44516414,1,,,oncology,0,0
73138315,13,,,oncology,0,0
36806738,8,,,oncology,20,10
10035307,4,,,oncology,12,12
95027638,2,,,oncology,15,5
63963574,1,,,oncology,15,0
41953226,6,,,oncology,0,0
36126727,5,,,oncology,10,0
62990761,8,,,oncology,0,0
71551091,2,,,oncology,0,0
54176423,6,,,oncology,0,15
65733144,3,,,oncology,5,0
84812047,2,,,oncology,3,0
49913849,,,,unknown,,15
92494898,12,,,other,0,0
62482446,,,,other,0,75
60393627,,,,other,0,18
43505683,27,,,other,0,0
21428861,31,,,other,0,30
87161716,30,,,other,0,30
67244610,,,,other,0,50
93475955,0,,,other,0,0
44667670,2,,,other,0,0
28031201,,,,other,0,0
63485887,3,,,other,0,0
44414138,1,,,other,0,0
23724794,13,,,other,0,0
78603285,5,,,other,0,20
36866777,,,,other,0,20
70756146,1,,,other,0,1
91310447,9,,,other,0,12
64024399,4,,,other,0,0
80753454,1,,,other,0,20
13848080,3,,,other,0,2
56895202,5,,,other,0,20
81448586,1,,,other,0,10
40482247,3,,,other,0,0
99592767,1,,,other,0,20
54895738,2,,,other,0,30
37185475,62,,,other,0,72
57716642,5,,,other,0,0
85377834,3,,,other,0,0
16264654,9,,,other,0,20
64596682,,,,other,0,1
48434782,11,,,oncology,0,15
25644656,5,,,oncology,0,0
73134431,1,,,oncology,0,0
43386966,2,,,oncology,0,30
61011162,,,,oncology,0,18
27636263,10,,,oncology,0,0
37856496,7,,,other,0,30
93134655,,,,unknown,,10
63938207,,,,unknown,,30
56702024,2,,,other,0,0
68801597,2,,,other,0,10
24854359,,,,unknown,,0
84339192,3,,,other,0,30
99197578,7,,,other,200,0
98812959,3,,,other,0,35
98582339,,,,unknown,,20
67347354,17,,,other,0,11
75808993,,,,other,200,0
38633335,,,,unknown,,20
75503591,0,,,other,0,3
69237540,0,,,other,0,4
81728032,,,,other,0,10
70300135,,,,other,0,5
34132803,,,,other,0,4
92976366,4,,,other,0,0
72137551,0,,,other,0,3
96689143,0,,,other,0,5
87194271,0,,,other,0,4
57011228,13,,,other,0,42
73840865,1,,,other,0,2
34681827,1,,,other,0,0
49091046,1,,,other,0,4
58363120,,,,other,0,3
47610237,0,,,other,0,4
53500764,0,,,other,0,4
22541197,,,,other,0,20
97472996,5,,,other,0,0
74304694,7,,,other,0,15
52677603,1,,,other,0,10
44831341,23,,,other,0,0
39710341,,,,other,0,5
56815217,,,,other,0,6
76058267,,,,other,0,6
33870283,5,,,other,0,0
77617149,2,,,other,0,4
39238657,2,,,other,0,2
71381386,1,,,other,0,4
31134513,14,,,other,0,0
93630338,17,,,other,0,40
24333943,3,,,other,0,4
88402927,,,,other,0,10
85362246,3,,,other,0,0
35474499,45,,,other,0,150
86161173,,,,other,0,0
19616954,0,,,other,0,0
59225849,30,,,other,0,60
76192631,2,,,oncology,0,10
13737056,0,,,other,0,2
55179317,8,,,oncology,0,
77298928,,,,other,0,12
43187495,,,,oncology,0,30
59791839,3,,,other,0,10
84326926,12,,,oncology,36,36
64296767,20,,,other,0,10
69885359,,,,other,0,
80321248,,,,other,0,
30350716,,,,oncology,0,6
37944548,,,,other,0,
42351612,0,,,other,0,5
82451475,,,,other,0,8
24822688,,,,oncology,0,
61182974,27,,,oncology,0,
64279631,29,,,oncology,0,
36048820,11,,,oncology,20,
65641072,0,,,other,0,
91847504,7,,,other,0,
31382946,,,,other,0,16
61536683,,,,oncology,0,45
47996209,,,,other,0,3
92044676,,,,other,0,9
43449197,,,,other,0,12
37870582,,,,other,0,
31505464,1,,,oncology,0,28
68960257,794,,,other,0,
10845549,,,,other,0,60
13073620,,,,other,0,4
34765113,,,,other,0,
99956482,50,,,other,0,
88890081,0,,,other,0,4
67312710,10,,,oncology,0,72
66418709,37,,,other,0,90
79214739,2,,,other,0,1
92436521,5,,,other,0,6
71630183,,,,other,0,15
57408623,,,,other,0,28
53082149,0,,,other,0,
73037492,95,,,oncology,0,110
28528279,105,,,oncology,0,
58889321,2,,,other,0,
85833085,2,,,other,0,
99883740,6,,,other,0,20
78977140,8,,,other,0,6
35608362,13,,,other,300,100
71007164,3,,,other,8,8
75561118,5,,,oncology,0,
23829633,,,,other,0,10
73136864,9,,,other,0,30
50331012,,,,other,0,2
84400742,1,,,other,0,2
37625185,,,,oncology,0,20
87373918,4,,,other,0,50
72169615,67,,,oncology,0,306
92917208,6,,,other,10,10
89422488,6,,,oncology,0,50
38394380,,,,other,0,10
82664119,1,,,oncology,0,20
69900803,15,,,oncology,0,36
97361283,,,,other,0,2
58284590,0,,,oncology,0,12
36461705,,,,other,0,40
37493966,,,,other,0,67
98507246,7,,,oncology,0,8
32553426,10,,,oncology,0,16
28350473,4,,,other,0,
72611956,,,,other,0,
13637299,2,,,other,15,20
14810547,,,,other,0,
73693930,,,,other,0,50
69342661,27,,,other,25,30
91854925,124,,,other,0,306
89823891,13,,,other,0,35
51902156,1,,,other,0,1
33364074,26,,,other,0,
23117020,,,,other,0,
95165263,1,,,oncology,0,4
80025898,7,,,other,0,
55802867,6,,,other,0,10
55393506,,,,oncology,0,40
98876842,,,,oncology,0,20
54893825,,,,other,0,30
53614211,1,,,other,0,4
86864573,92,,,oncology,0,
75682832,9,,,other,0,
88487062,530,,,other,0,
90461413,38,,,other,0,
31019804,2,,,other,0,5
38277907,,,,other,0,
31726072,2,,,other,0,
97631150,1,,,other,0,
59694252,3,,,other,10,
26032899,57,,,other,0,64
10001735,,,,other,0,6
68115897,,,,other,0,500
73906881,6,,,other,0,8
83999386,1,,,oncology,0,16
14326791,,,,other,0,48
74329273,250,,,oncology,0,
88241432,0,,,other,0,
42758221,10,,,other,0,
34885555,2,,,other,0,1
71438942,,,,other,0,
53098067,5,,,other,0,
15578555,,,,oncology,0,100
70545955,,,,other,0,
98467019,,,,other,0,10
78257139,,,,oncology,0,40
51427526,17,,,other,0,44
38222956,0,,,oncology,0,18
18816115,,,,other,0,4
44070773,24,,,other,0,
35469237,,,,other,0,
79223917,,,,other,0,5
64052147,15,,,other,0,6
54943028,,,,other,0,16
17152848,0,,,other,0,4
47208553,8,,,other,0,10
41630225,2,,,other,0,36
42612967,11,,,other,0,12
23476749,10,,,oncology,0,6
18627514,4,,,oncology,0,30
32562533,,,,other,0,2
95337500,2,,,oncology,0,24
34052676,,,,other,0,
10992706,,,,other,0,21
17431259,7,,,oncology,0,20
99513682,4,,,oncology,0,
17782180,16,,,other,0,
16184893,12,,,oncology,0,
37747441,20,,,other,0,30
85105050,1,,,respiratory,0,
67411259,,,,other,0,
35559101,3,,,oncology,18,
19847166,5,,,oncology,0,80
18267040,1,,,other,0,
33601954,2,,,other,0,5
98434181,,,,oncology,0,250
50059322,,,,other,0,
86669475,,,,other,0,20
62397130,0,,,other,0,
61331342,2,,,other,0,10
70261463,0,,,other,0,18
26949253,17,,,other,24,
67138369,7,,,oncology,0,
92246768,65,,,other,6,
89019447,119,,,other,0,120
82009419,,,,other,0,20
14376112,,,,other,0,10
16604383,4,,,neurology,0,8
61267335,,,,other,0,4
93223572,1,,,oncology,0,10
83818192,25,,,other,0,48
20429427,4,,,other,12,14
81255616,,,,oncology,0,10
70040545,1,,,other,20,20
32324617,2,,,other,0,100
47405079,1,,,other,0,3
21077043,,,,other,0,5
59775052,289,,,other,0,
17831322,41,,,other,0,
21386829,19,,,other,0,30
37164460,140,,,other,90,48
67352057,,,,oncology,0,
10663258,9,,,other,0,
71225403,2,,,other,0,100
81673614,,,,other,0,2
90405690,0,,,other,0,2
93682284,0,,,other,0,
75774542,3,,,other,0,
95517827,,,,other,0,
93124850,12,,,other,0,15
62643220,2,,,oncology,0,30
67681155,1,,,other,0,6
24615463,4,,,oncology,0,30
60218643,,,,other,0,
38214362,1,,,oncology,0,20
24476804,6,,,oncology,0,60
99515373,5,,,oncology,0,80
85875631,1,,,neurology,0,5
81017894,,,,other,0,
85490359,3,,,other,0,2
75807889,,,,other,0,29
66336398,10,,,other,18,
14408925,10,,,other,0,
29473852,2,,,oncology,0,30
76766337,,,,other,0,
45104509,,,,other,0,4
76971004,1,,,oncology,0,9
38624669,,,,other,0,60
75553729,0,,,other,0,3
87940492,,,,oncology,0,30
68303917,2,,,other,0,20
64183579,,,,other,0,3
77601485,,,,other,0,
27991430,,,,other,0,
72718444,,,,other,0,245
94592054,,,,other,0,
77298538,4,,,oncology,0,20
37354370,4,,,oncology,0,30
54614482,,,,oncology,0,5
76930173,,,,other,0,23
69572103,5,,,mental_health,5,5
93132119,4,,,mental_health,0,5
28661154,7,,,neurology,0,10
84736979,0,,,other,0,18
83770760,,,,oncology,0,12
42104874,31,,,other,0,28
11549543,,,,other,0,
55549209,2,,,other,0,24
93519138,,,,other,0,
55139253,2,,,other,0,10
55180636,,,,other,0,10
74316440,,,,other,0,
11475265,30,,,other,0,50
17020646,23,,,other,0,20
15169854,28,,,oncology,0,84
86113168,,,,other,0,120
19758268,0,,,oncology,0,40
26926122,,,,oncology,0,10
10812696,,,,other,0,8
43481058,1,,,oncology,20,10
15219861,,,,other,0,
21159310,,,,other,0,2
82720528,8,,,other,20,20
45132646,,,,other,0,
78024667,139,,,oncology,0,
70530237,0,,,other,0,6
97320274,,,,other,0,20
27539374,124,,,other,0,
15309704,11,,,other,0,122
37043298,,,,other,0,
50543755,19,,,other,0,
14670759,3,,,other,0,259
53819157,17,,,other,0,
95927739,,,,other,0,
53935220,2,,,other,0,3
99998901,,,,other,0,
60185739,2,,,other,0,6
28342170,5,,,other,0,
33765959,0,,,other,0,0
21248558,5,,,oncology,0,6
59021865,140,,,oncology,0,750
29055738,2,,,oncology,0,24
79862188,8,,,other,0,5
77913217,,,,other,0,2
26480246,25,,,oncology,0,
76477505,,,,other,0,
44577856,5,,,other,0,5
60945692,16,,,other,16,16
79535062,6,,,oncology,0,30
31022447,,,,other,0,
18079010,1,,,other,0,120
24206761,,,,oncology,0,8
32316774,,,,other,0,
56957337,123,,,other,0,15
87136678,2,,,other,0,
83451299,,,,other,0,5
20438445,,,,other,0,
68877602,,,,other,0,5
88669626,,,,other,0,3
99530998,,,,other,0,10
36034898,1,,,other,0,4
37181733,31,,,other,0,200
87096285,1,,,oncology,0,12
54451039,4,,,other,0,15
21545192,35,,,other,0,
40467489,,,,other,0,
52156869,7,,,oncology,0,10
73809299,,,,oncology,0,
54475431,8,,,other,0,
55672191,,,,other,0,4
34446442,2,,,other,0,4
28580349,10,,,other,0,
80165736,0,,,other,0,9
54302684,0,,,oncology,0,5
15489542,1,,,other,0,2
98434281,,,,other,0,800
38189595,1,,,other,0,1
99548040,5,,,other,0,
76577742,4,,,other,0,20
44014175,1,,,oncology,0,18
83868056,18,,,other,0,50
54482827,4,,,other,0,
22428303,0,,,oncology,0,80
83663734,11,,,other,0,
88202544,,,,other,0,
67369566,113,,,other,0,12
37116650,8,,,other,0,16
30751964,,,,other,0,
50797715,3,,,other,0,5
39516759,,,,oncology,0,16
37813086,3,,,other,0,7
90283372,,,,other,0,202
92379741,11,,,other,0,40
94460250,1,,,other,0,2
88225435,59,,,oncology,0,44
57228688,,,,other,0,3
24958378,0,,,other,0,
37605003,,,,other,0,
31971057,19,,,oncology,0,
18340372,,,,other,0,2
65165687,4,,,oncology,0,
64116628,0,,,other,0,500
30112623,,,,other,0,12
11892908,11,,,other,0,15
81320001,25,,,other,0,110
29628566,460,,,oncology,0,608
18987562,23,,,other,0,20
27827333,,,,oncology,0,35
43563851,0,,,other,0,3
77977929,8,,,other,0,56
11483166,,,,other,0,
97991154,,,,oncology,0,
53451897,,,,other,0,4
99957495,15,,,other,0,
74381879,2,,,other,0,10
89635315,31,,,oncology,33,33
10445780,,,,other,0,
10194120,2017,,,other,0,
79751560,551,,,oncology,0,
94213636,0,,,other,5,10
42386822,,,,other,0,
15554540,,,,other,0,10
82525554,,,,other,0,5
51141492,61,,,other,0,
28965390,6,,,oncology,0,5
66657516,,,,other,0,4
20176293,,,,other,0,30
85146489,3,,,other,0,30
83197043,,,,other,0,
62944757,1,,,other,5,4
55866179,13,,,oncology,0,
10718308,,,,other,0,80
29095222,,,,other,0,350
67418025,0,,,other,0,
52492282,15,,,other,60,
25312308,17,,,other,0,13
46586440,4,,,other,0,30
58596412,3,,,other,0,6
75267237,,,,oncology,0,10
44915617,3,,,other,0,12
51379106,2,,,other,0,30
20437815,3,,,other,0,8
30308665,938,,,other,0,1500
59800506,0,,,other,0,24
63601632,3,,,other,32,34
29794403,701,,,other,600,
53482127,,,,other,0,
17468559,410,,,other,0,
91404982,,,,other,0,110
80337689,,,,oncology,0,15
85384074,0,,,oncology,0,10
97499889,0,,,oncology,0,
77135203,,,,other,0,
76365199,,,,other,0,1
84106460,,,,oncology,0,3
59407513,0,,,oncology,0,10
78379750,,,,other,0,320
29817705,47,,,oncology,0,50
53943514,,,,other,0,2
86130063,,,,other,0,40
62766032,1,,,other,0,15
97801731,,,,other,0,1200
62617134,,,,other,0,112
23917100,65,,,other,0,
75319345,,,,other,0,177
16503372,4,,,oncology,0,
63097724,869,,,other,0,
81843387,2,,,other,0,2
71117574,,,,other,0,
87013773,5,,,oncology,0,20
75913242,3,,,other,0,
63945645,3,,,other,0,8
95984468,,,,oncology,0,12
91651154,7,,,other,0,3
11122506,5,,,other,0,15
21896419,1,,,oncology,0,18
57531534,,,,other,0,24
70719676,3,,,other,0,8
68713337,4,,,oncology,0,30
80248241,,,,other,0,
31922217,6,,,other,0,100
75963803,,,,other,0,5
93460969,4,,,other,0,6
67975077,3,,,other,0,
78749114,,,,other,0,150
39278929,3,,,oncology,0,16
55777316,10,,,other,0,50
41565442,,,,other,0,10
97466595,32,,,oncology,0,16
61356891,0,,,oncology,0,12
85318706,,,,oncology,0,850
70735000,38,,,other,0,20
93024385,26,,,other,40,40
11408991,4,,,other,30,12
51091009,7,,,other,0,
30232667,36,,,other,0,
70491443,,,,other,0,
96442674,13,,,other,0,4
69114969,38,,,other,0,
15670286,3,,,other,0,
86973189,,,,other,0,60
57736618,,,,other,0,120
18430883,,,,oncology,0,8
86490004,10,,,other,0,12
50051997,3,,,oncology,0,60
19578044,,,,other,0,4
54427024,,,,other,0,
22272789,9,,,other,0,20
42884520,,,,other,0,45
34839861,,,,other,0,4
60996252,,,,oncology,0,152
11479921,36,,,other,0,40
81704578,,,,other,50,
32691478,,,,other,0,
29683604,19,,,other,0,
91756633,0,,,other,0,20
57605507,,,,other,0,2
82852467,1,,,oncology,0,25
72218528,0,,,diabetes,18,18
67566834,,,,oncology,0,
75414912,,,,other,0,4
73611907,1,,,other,0,3
78870194,26,,,oncology,0,
97664357,,,,oncology,0,21
72685430,19,,,other,50,50
97540821,1,,,other,0,20
65993001,131,,,other,0,240
95893562,0,,,oncology,50,30
63257618,53,,,other,0,5
21388691,5,,,oncology,0,45
28850569,,,,other,0,250
22090583,,,,other,0,
63158302,18,,,other,0,90
91396970,3,,,other,0,6
61069716,89,,,oncology,0,
94910432,18,,,other,0,30
95090849,0,,,other,0,2
18716686,1,,,other,0,2
29292304,,,,oncology,0,
52436179,,,,other,0,8
61111403,0,,,other,0,1500
37264235,0,,,other,0,
62486633,17,,,other,0,100
97040371,2,,,other,0,
62110208,3,,,oncology,0,34
52918114,,,,other,0,15
90200240,13,,,other,0,25
70491213,,,,other,0,15
82529526,,,,other,64,142
65736856,,,,other,0,
21517933,,,,other,0,
57981681,3,,,other,0,45
39581596,,,,oncology,0,
49118273,4,,,neurology,0,3
58399270,1,,,oncology,0,10
34347587,,,,oncology,0,
92077332,3,,,other,0,2
63388906,,,,other,0,7
98622345,12,,,other,0,11
51379441,,,,oncology,0,36
62535439,26,,,oncology,0,
66164772,41,,,other,0,30
81214394,2,,,other,0,20
20487117,5,,,oncology,0,18
29048127,0,,,oncology,0,40
71284418,5,,,oncology,0,
82156744,,,,other,0,120
82843764,,,,other,0,50
30251435,1,,,other,0,2
62927676,,,,other,0,
21935093,552,,,oncology,0,
16790379,93,,,oncology,0,
22754314,,,,other,0,0
18373868,,,,other,0,10
48757136,215,,,other,0,
80345574,3,,,oncology,0,15
87840755,71,,,other,0,350
82450849,1,,,other,0,30
16307993,75,,,other,0,
40090263,2,,,other,0,6
73153949,,,,oncology,0,
23829431,1,,,oncology,0,45
60168233,10,,,other,0,5
18209879,3,,,other,0,5
28564689,3,,,other,0,6
56474929,,,,other,0,2
37369925,4,,,other,0,
89847096,,,,other,0,
33517829,,,,other,0,
50697110,,,,other,0,
10015682,,,,other,0,700
47424806,,,,other,0,
29203427,0,,,oncology,0,25
34994676,8,,,oncology,0,60
45907309,,,,other,0,2
96435633,,,,other,0,
61085145,17,,,other,0,20
98719259,1,,,other,10,10
27079001,7,,,other,0,10
68719276,5,,,other,0,4
14431739,,,,other,0,
24671742,,,,other,0,
65983243,7,,,oncology,0,
34991321,7,,,oncology,0,
51965846,10,,,oncology,15,
13524281,,,,oncology,0,20
61963622,,,,other,0,142
28653385,,,,other,0,3
43244445,0,,,other,0,9
40679456,3,,,other,0,
98753687,2,,,other,0,5
17677644,3,,,other,0,5
81714506,9,,,other,0,7
44350433,,,,other,5,5
35141427,3,,,other,0,2
50543094,3,,,oncology,0,75
13777067,,,,oncology,0,130
20045138,,,,oncology,0,30
23263560,11,,,oncology,0,6
63667053,,,,other,0,4
37371310,,,,other,0,10
66370235,24,,,oncology,0,150
57398552,,,,other,0,
12234860,,,,other,0,81
78893097,164,,,other,0,166
67628645,,,,other,0,
70259680,,,,other,0,
74747512,41,,,other,0,
40397253,,,,other,100,100
87356700,,,,other,0,200
41381890,1139,,,other,0,2000
80034096,12,,,oncology,0,50
58170402,4,,,oncology,0,15
25917199,2,,,other,0,4
35272164,10,,,oncology,0,
35403285,3,,,oncology,0,7
60651077,10,,,oncology,0,
38383377,24,,,oncology,0,
38425587,126,,,other,0,
13907477,3,,,oncology,6,
76586175,,,,oncology,0,36
48422302,,,,other,0,10
82188327,1,,,oncology,0,
30195049,,,,oncology,0,12
45226573,5,,,other,0,7
40983485,1,,,other,0,2
48708552,,,,other,0,
96271512,2,,,oncology,0,24
48356294,3,,,other,0,6
64568592,,,,other,0,
12647791,,,,oncology,0,10
75971509,142,,,other,0,100
36198987,21,,,other,0,20
53400664,,,,other,0,
14046110,30,,,other,0,
33106876,4,,,other,5,
24695266,57,,,other,0,35
29160624,7,,,other,0,
84628895,1,,,oncology,0,
44251118,2,,,other,0,2
14777737,,,,other,0,5
69975384,,,,other,0,50
51738782,7,,,other,0,4
59283299,25,,,oncology,0,
72160922,11,,,oncology,0,
68188961,0,,,other,0,64
21912097,7,,,other,0,8
25795350,10,,,other,0,
29711318,0,,,other,0,
88661171,4,,,other,0,20
12423222,0,,,other,0,4
15300621,78,,,other,0,
69737042,1,,,other,0,20
22542635,6,,,other,0,
40532765,,,,other,0,
71015439,,,,other,0,
28572758,12,,,other,0,
64863359,45,,,other,0,
78764509,7,,,oncology,0,20
24591480,13,,,other,0,36
69221340,,,,other,0,
25744440,560,,,other,0,
73233687,58,,,other,0,195
13506071,8,,,oncology,0,
70390906,74,,,other,0,155
99338864,3,,,oncology,0,
75223197,2,,,other,0,8
13175425,10,,,other,0,10
17126555,145,,,other,0,270
61755242,19,,,other,0,35
74218549,,,,other,0,5
51935887,3,,,other,0,
55302536,43,,,oncology,0,100
59038734,,,,oncology,0,20
12761487,8,,,oncology,0,16
99580865,1,,,oncology,0,16
94845929,,,,other,0,10
27579142,,,,other,90,90
60929081,,,,other,0,
79138693,,,,other,0,555
91263442,30,,,oncology,40,
78010598,0,,,other,0,3
60882077,,,,other,0,16
48471282,,,,oncology,0,10
49593509,,,,oncology,0,30
95097834,16,,,neurology,0,60
52654893,7,,,other,0,
56268397,4,,,other,0,4
87683879,20,,,oncology,0,
71784754,3,,,oncology,0,16
98441624,4,,,oncology,0,60
34495439,3,,,oncology,0,18
22034993,12,,,other,0,32
28908955,14,,,other,0,70
57653867,0,,,other,0,
64003167,,,,other,0,12
54647602,0,,,oncology,0,18
37199051,,,,other,0,10
33913000,,,,oncology,0,
84516061,,,,oncology,0,6
76985606,,,,other,0,
67121537,138,,,other,0,
11195176,98,,,other,0,95
17500987,,,,other,0,
51016248,261,,,other,0,400
46502255,330,,,other,0,400
18020919,1,,,oncology,0,60
18079004,,,,oncology,0,
95423701,2,,,oncology,0,
64049154,,,,oncology,15,
54006245,3,,,other,0,10
32503322,84,,,other,0,121
46021130,31,,,oncology,0,12
85793474,4,,,other,0,6
27073601,22,,,other,144,144
81394683,0,,,other,0,8
61110377,75,,,other,0,30
12639282,,,,oncology,0,764
54996666,,,,other,0,240
70047343,,,,other,0,330
42332936,,,,other,0,30
15505011,,,,other,50,
40835589,1,,,other,0,
92740251,,,,other,0,
44571214,10,,,oncology,0,20
50933371,8,,,oncology,0,
92107501,5,,,oncology,0,
15544580,8,,,oncology,15,
29928274,161,,,oncology,0,
85267735,13,,,oncology,0,
97131033,0,,,other,0,2
14932699,,,,other,0,0
10263845,,,,other,0,60
54385390,,,,other,0,4
61111457,12,,,oncology,0,5
23092005,1,,,other,0,25
31193904,,,,oncology,0,12
87660369,9,,,other,0,25
90004444,,,,mental_health,0,3
60446411,1,,,neurology,0,1
74857541,5,,,other,0,4
58693090,1,,,other,2,2
76027412,5,,,other,0,8
47630296,18,,,other,0,18
17536831,8,,,oncology,0,
57825822,,,,other,0,100
85563696,5,,,oncology,0,10
68557961,,,,other,0,8
77092982,0,,,other,0,6
31496235,1,,,other,0,2
97500106,,,,other,0,175
52862076,,,,other,0,14
73857290,,,,other,0,50
81943943,,,,other,0,2
56113128,,,,other,0,0
87636697,0,,,other,0,20
76078204,,,,oncology,0,21
12966741,1,,,oncology,0,15
24934069,222,,,other,0,
16096348,,,,oncology,0,20
76748865,6,,,other,0,10
90930423,,,,other,0,35
67819272,1,,,oncology,0,
72726252,11,,,other,0,20
50984217,105,,,other,0,72
76610246,16,,,other,0,10
40197267,1,,,other,0,4
41556563,,,,other,0,
34117410,7,,,other,0,10
14096037,4,,,other,0,
64108846,29,,,other,0,116
67672566,2,,,other,0,
82763014,0,,,other,0,2
36115246,47,,,other,0,
53295790,4,,,other,0,7
67803364,10,,,other,0,
71646020,7,,,oncology,0,10
89962449,8,,,other,0,
44416410,,,,other,0,
43162822,,,,oncology,0,21
67443564,0,,,other,0,
33273916,9,,,other,0,20
99900746,2,,,oncology,0,18
31431542,,,,other,0,100
50878892,5,,,other,0,4
21265479,1,,,other,0,6
70728767,,,,other,0,4
83933242,2,,,oncology,0,
31472672,3,,,other,0,3
57907501,11,,,other,0,
13119240,,,,other,0,
84421462,1,,,diabetes,2,2
77806410,,,,oncology,0,78
16939123,1,,,other,0,
71752341,0,,,other,0,
38754159,,,,other,0,
55212861,2,,,other,0,14
62109489,0,,,other,0,5
20675095,19,,,other,0,90
84211406,1,,,other,0,3
26941884,4,,,other,0,12
47135821,1,,,other,0,
68771037,,,,oncology,0,10
66378695,,,,oncology,0,9
59383071,,,,oncology,0,24
16481226,,,,oncology,0,9
33905412,30,,,other,0,64
39222458,1,,,other,0,8
72285015,,,,other,0,8
28646443,1,,,other,0,12
43916595,,,,other,0,10
23009655,4,,,other,0,6
81795802,22,,,other,0,25
84311408,,,,oncology,0,20
74332882,5,,,other,0,20
77520212,,,,other,0,60
43105598,,,,other,0,
55876978,,,,oncology,0,
45488807,,,,other,0,5
87423328,,,,other,0,
84834184,,,,oncology,0,
72194227,4,,,other,0,
67886030,2,,,other,0,2
91216356,2,,,other,0,3
32349376,,,,oncology,0,5
55508389,,,,other,0,2
44300933,5,,,oncology,0,30
87997839,,,,other,0,20
96500834,,,,other,0,20
33414415,,,,oncology,0,9
30214978,783,,,other,0,
72933575,1672,,,other,5400,
37114421,12,,,other,0,
26730840,187,,,other,0,
74734074,4,,,other,0,20
55851802,2,,,other,0,40
46980349,,,,other,0,18
73030499,,,,other,0,50
21199558,7,,,oncology,0,48
30620877,1,,,other,0,30
23338225,7,,,other,0,7
42653643,14,,,other,0,20
41589052,8,,,oncology,0,8
31297526,,,,other,0,
22313508,,,,other,0,5
26885394,0,,,other,0,2
55147751,8,,,other,0,25
23436248,,,,oncology,0,24
41998957,0,,,other,0,10
84662706,,,,other,0,60
81746480,0,,,oncology,0,10
50641794,3,,,oncology,0,3
90206376,539,,,other,5478,2500
60404588,,,,other,0,
71441655,,,,other,0,8
83786594,,,,other,0,
28489964,28,,,other,0,20
28384371,4,,,other,0,1
94485300,,,,oncology,0,40
93264379,3,,,other,0,3
86219071,4,,,oncology,0,24
49592417,0,,,other,0,
45997236,1,,,other,0,3
80788889,,,,other,0,8
62094002,7,,,oncology,0,
67335777,57,,,other,0,
56168592,31,,,other,0,30
80711767,,,,other,0,
33316074,,,,other,0,2
28728512,,,,oncology,0,6
66526280,2,,,other,0,5
16497801,,,,other,0,2
88684266,3,,,other,0,
22264105,3,,,other,0,5
46561170,6,,,other,0,22
69106963,2,,,other,0,6
91306754,0,,,other,0,7
25720743,2,,,other,0,10
12917408,1,,,other,0,36
78396712,,,,other,0,
99309674,5,,,other,0,5
66583292,7,,,other,0,12
50089830,,,,other,0,
10076354,82,,,other,750,
29767065,63,,,other,0,40
89984084,,,,other,0,
38416830,,,,other,0,
89269133,,,,oncology,0,
52680959,22,,,other,0,12
84532298,,,,other,0,
